admission_date,total_admissions,emergency_admissions,elective_admissions,urgent_admissions,avg_waiting_time,avg_los,day_of_week,month,day_of_month,is_weekend,day_of_year,lag_1,lag_2,lag_7,lag_14,lag_28,rolling_mean_7,rolling_std_7,rolling_mean_14,rolling_mean_28
2025-01-29,58,27,21,10,42.18620689655173,4.346551724137931,2,1,29,0,29,50.0,57.0,42.0,45.0,46.0,46.57142857142857,7.253898787483022,48.21428571428572,46.60714285714285
2025-01-30,47,25,9,13,45.56595744680851,4.291063829787234,3,1,30,0,30,58.0,50.0,54.0,50.0,39.0,48.85714285714285,8.05043624964038,49.142857142857146,47.035714285714285
2025-01-31,64,25,25,14,38.2984375,4.39390625,4,1,31,0,31,47.0,58.0,45.0,49.0,44.0,47.85714285714285,7.733661733585447,48.92857142857143,47.32142857142857
2025-02-01,40,20,14,6,47.0575,4.401,5,2,1,1,32,64.0,47.0,40.0,45.0,34.0,50.57142857142857,9.658452996505927,50.0,48.035714285714285
2025-02-02,21,10,5,6,44.266666666666666,4.257619047619047,6,2,2,1,33,40.0,64.0,38.0,39.0,32.0,50.57142857142857,9.658452996505927,49.642857142857146,48.25
2025-02-03,62,26,26,10,41.93225806451613,4.431129032258065,0,2,3,0,34,21.0,40.0,57.0,54.0,53.0,48.142857142857146,14.346063007303568,48.35714285714285,47.85714285714285
2025-02-04,53,24,19,10,38.630188679245286,4.002075471698113,1,2,4,0,35,62.0,21.0,50.0,67.0,53.0,48.85714285714285,14.971401308590227,48.92857142857143,48.17857142857143
2025-02-05,52,26,16,10,38.72884615384616,4.421538461538462,2,2,5,0,36,53.0,62.0,58.0,42.0,43.0,49.285714285714285,15.052289811567826,47.92857142857143,48.17857142857143
2025-02-06,37,19,9,9,38.097297297297295,4.598918918918919,3,2,6,0,37,52.0,53.0,47.0,54.0,52.0,48.42857142857143,14.638501094228,48.642857142857146,48.5
2025-02-07,49,26,12,11,51.48367346938775,4.199183673469388,4,2,7,0,38,37.0,52.0,64.0,45.0,53.0,47.0,15.275252316519468,47.42857142857143,47.96428571428572
2025-02-08,28,17,7,4,50.15,3.06,5,2,8,1,39,49.0,37.0,40.0,40.0,35.0,44.85714285714285,13.434142714598147,47.71428571428572,47.82142857142857
2025-02-09,27,12,14,1,53.629629629629626,3.748518518518518,6,2,9,1,40,28.0,49.0,21.0,38.0,32.0,43.142857142857146,14.84844067490558,46.85714285714285,47.57142857142857
2025-02-10,56,27,18,11,47.12857142857143,3.987857142857143,0,2,10,0,41,27.0,28.0,62.0,57.0,60.0,44.0,13.466006584482772,46.07142857142857,47.392857142857146
2025-02-11,37,19,9,9,48.15675675675676,4.144324324324325,1,2,11,0,42,56.0,27.0,53.0,50.0,54.0,43.142857142857146,12.266873704256945,46.0,47.25
2025-02-12,34,12,16,6,38.73823529411764,3.839705882352941,2,2,12,0,43,37.0,56.0,52.0,58.0,45.0,40.85714285714285,11.596386957849864,45.07142857142857,46.642857142857146
2025-02-13,38,13,14,11,35.02105263157895,4.308947368421053,3,2,13,0,44,34.0,37.0,37.0,47.0,50.0,38.285714285714285,10.672617387724618,43.35714285714285,46.25
2025-02-14,41,16,15,10,39.639024390243904,3.757317073170732,4,2,14,0,45,38.0,34.0,49.0,64.0,49.0,38.42857142857143,10.659223593632303,42.71428571428572,45.82142857142857
2025-02-15,29,14,12,3,35.834482758620695,4.280689655172414,5,2,15,1,46,41.0,38.0,28.0,40.0,45.0,37.285714285714285,9.724784242924288,41.07142857142857,45.535714285714285
2025-02-16,36,20,12,4,56.10277777777778,4.796944444444445,6,2,16,1,47,29.0,41.0,27.0,21.0,39.0,37.42857142857143,9.571783930858844,40.285714285714285,44.96428571428572
2025-02-17,48,22,19,7,44.00208333333333,4.166875,0,2,17,0,48,36.0,29.0,56.0,62.0,54.0,38.71428571428572,8.47966755862291,41.35714285714285,44.85714285714285
2025-02-18,45,25,14,6,39.63777777777778,4.257777777777777,1,2,18,0,49,48.0,36.0,37.0,53.0,67.0,37.57142857142857,5.9120538692049225,40.35714285714285,44.642857142857146
2025-02-19,31,19,6,6,51.95806451612904,3.825483870967742,2,2,19,0,50,45.0,48.0,34.0,52.0,42.0,38.71428571428572,6.52467842666813,39.785714285714285,43.85714285714285
2025-02-20,36,15,15,6,36.27222222222222,4.343611111111112,3,2,20,0,51,31.0,45.0,38.0,37.0,54.0,38.285714285714285,6.969320524371691,38.285714285714285,43.46428571428572
2025-02-21,37,16,14,7,40.991891891891896,4.577567567567567,4,2,21,0,52,36.0,31.0,41.0,49.0,45.0,38.0,7.023769168568487,38.21428571428572,42.82142857142857
2025-02-22,34,19,10,5,46.68529411764706,4.331470588235295,5,2,22,1,53,37.0,36.0,29.0,28.0,40.0,37.42857142857143,6.9006555934235365,37.35714285714285,42.535714285714285
2025-02-23,30,13,10,7,43.86333333333334,3.788,6,2,23,1,54,34.0,37.0,36.0,27.0,38.0,38.142857142857146,6.094494002200435,37.785714285714285,42.32142857142857
2025-02-24,47,21,16,10,39.342553191489365,3.667659574468085,0,2,24,0,55,30.0,34.0,48.0,56.0,57.0,37.285714285714285,6.8243262357121,38.0,42.035714285714285
2025-02-25,63,22,27,14,37.92698412698413,4.483333333333333,1,2,25,0,56,47.0,30.0,45.0,37.0,50.0,37.142857142857146,6.568322247184362,37.35714285714285,41.67857142857143
2025-02-26,37,14,10,13,40.597297297297295,4.338378378378379,2,2,26,0,57,63.0,47.0,31.0,34.0,58.0,39.71428571428572,11.686377906410032,39.21428571428572,42.142857142857146
2025-02-27,47,15,22,10,33.06808510638298,4.196382978723404,3,2,27,0,58,37.0,63.0,36.0,38.0,47.0,40.57142857142857,11.148350294358094,39.42857142857143,41.392857142857146
2025-02-28,54,25,21,8,44.951851851851856,4.204814814814815,4,2,28,0,59,47.0,37.0,37.0,41.0,64.0,42.142857142857146,11.17181828573683,40.07142857142857,41.392857142857146
2025-03-01,38,16,17,5,41.1,4.287894736842105,5,3,1,1,60,54.0,47.0,34.0,29.0,40.0,44.57142857142857,11.702665549026896,41.0,41.035714285714285
2025-03-02,34,16,10,8,38.96764705882353,4.472058823529412,6,3,2,1,61,38.0,54.0,30.0,36.0,21.0,45.142857142857146,11.186726828829654,41.642857142857146,40.96428571428572
2025-03-03,56,20,23,13,38.7,4.305357142857143,0,3,3,0,62,34.0,38.0,47.0,48.0,62.0,45.71428571428572,10.355582805332364,41.5,41.42857142857143
2025-03-04,72,34,26,12,39.77777777777778,4.682916666666667,1,3,4,0,63,56.0,34.0,63.0,45.0,53.0,47.0,11.07549848389077,42.07142857142857,41.21428571428572
2025-03-05,38,21,7,10,41.92105263157895,4.613684210526316,2,3,5,0,64,72.0,56.0,37.0,31.0,52.0,48.285714285714285,13.499559075691892,44.0,41.892857142857146
2025-03-06,50,32,12,6,41.98,4.3256,3,3,6,0,65,38.0,72.0,47.0,36.0,37.0,48.42857142857143,13.364843718467032,44.5,41.392857142857146
2025-03-07,55,26,22,7,48.35818181818181,3.986545454545454,4,3,7,0,66,50.0,38.0,54.0,37.0,49.0,48.85714285714285,13.359498137137884,45.5,41.85714285714285
2025-03-08,32,12,14,6,50.446875,3.9059375,5,3,8,1,67,55.0,50.0,38.0,34.0,28.0,49.0,13.428824718989128,46.785714285714285,42.07142857142857
2025-03-09,39,16,16,7,30.753846153846155,4.342820512820513,6,3,9,1,68,32.0,55.0,34.0,30.0,27.0,48.142857142857146,14.404033826542848,46.642857142857146,42.21428571428572
2025-03-10,56,31,13,12,47.78214285714286,3.921071428571429,0,3,10,0,69,39.0,32.0,56.0,47.0,56.0,48.85714285714285,13.692194509142448,47.285714285714285,42.642857142857146
2025-03-11,39,18,14,7,39.07435897435898,4.101794871794872,1,3,11,0,70,56.0,39.0,72.0,63.0,37.0,48.85714285714285,13.692194509142448,47.92857142857143,42.642857142857146
2025-03-12,38,12,14,12,36.5921052631579,4.648684210526316,2,3,12,0,71,39.0,56.0,38.0,37.0,34.0,44.142857142857146,9.406178314075827,46.21428571428572,42.71428571428572
2025-03-13,54,24,20,10,43.21111111111112,4.047962962962963,3,3,13,0,72,38.0,39.0,50.0,47.0,38.0,44.142857142857146,9.406178314075827,46.285714285714285,42.85714285714285
2025-03-14,38,13,13,12,33.1578947368421,4.684473684210526,4,3,14,0,73,54.0,38.0,55.0,54.0,41.0,44.71428571428572,9.928314487939456,46.785714285714285,43.42857142857143
2025-03-15,36,16,13,7,34.11666666666667,4.291388888888889,5,3,15,1,74,38.0,54.0,32.0,38.0,29.0,42.285714285714285,9.031690238899271,45.642857142857146,43.32142857142857
2025-03-16,23,11,7,5,34.643478260869564,4.722173913043478,6,3,16,1,75,36.0,38.0,39.0,34.0,36.0,42.85714285714285,8.375133261199908,45.5,43.57142857142857
2025-03-17,45,21,13,11,38.66222222222222,3.875111111111111,0,3,17,0,76,23.0,36.0,56.0,56.0,48.0,40.57142857142857,11.282097069504148,44.71428571428572,43.10714285714285
2025-03-18,53,28,20,5,41.25094339622642,4.031132075471699,1,3,18,0,77,45.0,23.0,39.0,72.0,45.0,39.0,9.380831519646849,43.92857142857143,43.0
2025-03-19,45,22,11,12,49.03333333333333,4.049555555555555,2,3,19,0,78,53.0,45.0,38.0,38.0,31.0,41.0,10.770329614269,42.57142857142857,43.285714285714285
2025-03-20,38,16,17,5,35.96052631578947,4.170789473684211,3,3,20,0,79,45.0,53.0,54.0,50.0,36.0,42.0,10.770329614269002,43.07142857142857,43.785714285714285
2025-03-21,47,21,12,14,38.18723404255319,3.7653191489361695,4,3,21,0,80,38.0,45.0,38.0,55.0,37.0,39.71428571428572,9.411239481143191,42.21428571428572,43.85714285714285
2025-03-22,42,16,18,8,36.47619047619048,4.764285714285714,5,3,22,1,81,47.0,38.0,36.0,32.0,34.0,41.0,9.746794344808956,41.642857142857146,44.21428571428572
2025-03-23,28,12,8,8,35.11071428571429,4.529642857142857,6,3,23,1,82,42.0,47.0,23.0,39.0,30.0,41.85714285714285,9.49435922760757,42.35714285714285,44.5
2025-03-24,55,27,17,11,42.04909090909091,4.709636363636363,0,3,24,0,83,28.0,42.0,45.0,56.0,47.0,42.57142857142857,7.892129895390355,41.57142857142857,44.42857142857143
2025-03-25,61,26,21,14,39.424590163934425,4.514426229508197,1,3,25,0,84,55.0,28.0,53.0,39.0,63.0,44.0,9.20144916122817,41.5,44.71428571428572
2025-03-26,32,12,9,11,39.0125,3.581875,2,3,26,0,85,61.0,55.0,45.0,38.0,37.0,45.142857142857146,10.854009572942331,43.07142857142857,44.642857142857146
2025-03-27,47,21,16,10,46.740425531914894,4.29531914893617,3,3,27,0,86,32.0,61.0,38.0,54.0,47.0,43.285714285714285,11.94032782512392,42.642857142857146,44.46428571428572
2025-03-28,39,16,11,12,46.46153846153846,4.43025641025641,4,3,28,0,87,47.0,32.0,47.0,38.0,54.0,44.57142857142857,11.759494644146672,42.142857142857146,44.46428571428572
2025-03-29,30,13,11,6,39.96666666666667,4.726333333333333,5,3,29,1,88,39.0,47.0,42.0,36.0,38.0,43.42857142857143,11.87233679409327,42.21428571428572,43.92857142857143
2025-03-30,42,20,15,7,36.33095238095238,3.977380952380953,6,3,30,1,89,30.0,39.0,28.0,23.0,34.0,41.71428571428572,12.932056883500596,41.785714285714285,43.642857142857146
2025-03-31,51,29,15,7,43.049019607843135,4.2007843137254905,0,3,31,0,90,42.0,30.0,55.0,45.0,56.0,43.71428571428572,11.455919659202188,43.142857142857146,43.92857142857143
2025-04-01,45,23,15,7,40.85111111111111,4.356,1,4,1,0,91,51.0,42.0,61.0,53.0,72.0,43.142857142857146,10.88467686595199,43.57142857142857,43.75
2025-04-02,51,23,16,12,34.98823529411765,3.6033333333333335,2,4,2,0,92,45.0,51.0,32.0,45.0,38.0,40.85714285714285,7.733661733585439,43.0,42.785714285714285
2025-04-03,25,10,8,7,40.488,3.8348,3,4,3,0,93,51.0,45.0,47.0,38.0,50.0,43.57142857142857,7.435436388384628,43.42857142857143,43.25
2025-04-04,44,21,13,10,39.97954545454545,4.4979545454545455,4,4,4,0,94,25.0,51.0,39.0,47.0,55.0,40.42857142857143,9.964221709983889,42.5,42.35714285714285
2025-04-05,32,13,10,9,50.846875,4.22,5,4,5,1,95,44.0,25.0,30.0,42.0,32.0,41.142857142857146,10.023781246425443,42.285714285714285,41.96428571428572
2025-04-06,26,11,12,3,40.215384615384615,4.243846153846154,6,4,6,1,96,32.0,44.0,42.0,28.0,39.0,41.42857142857143,9.675693650537289,41.57142857142857,41.96428571428572
2025-04-07,51,21,19,11,39.28431372549019,4.373529411764706,0,4,7,0,97,26.0,32.0,51.0,55.0,56.0,39.142857142857146,11.275764148954922,41.42857142857143,41.5
2025-04-08,48,23,19,6,45.70416666666667,4.372708333333333,1,4,8,0,98,51.0,26.0,45.0,61.0,39.0,39.142857142857146,11.275764148954922,41.142857142857146,41.32142857142857
2025-04-09,48,18,21,9,39.84166666666667,4.112916666666666,2,4,9,0,99,48.0,51.0,51.0,32.0,38.0,39.57142857142857,11.58817130895614,40.21428571428572,41.642857142857146
2025-04-10,43,17,14,12,36.63720930232558,3.929302325581396,3,4,10,0,100,48.0,48.0,25.0,47.0,54.0,39.142857142857146,11.14194135430882,41.35714285714285,42.0
2025-04-11,40,22,12,6,36.535,3.77825,4,4,11,0,101,43.0,48.0,44.0,39.0,38.0,41.71428571428572,9.250482612892611,41.07142857142857,41.60714285714285
2025-04-12,38,11,18,9,40.69736842105263,4.078947368421052,5,4,12,1,102,40.0,43.0,32.0,30.0,36.0,41.142857142857146,9.209208641871667,41.142857142857146,41.67857142857143
2025-04-13,33,18,10,5,40.34242424242424,3.302121212121212,6,4,13,1,103,38.0,40.0,26.0,42.0,23.0,42.0,8.465616732800195,41.71428571428572,41.75
2025-04-14,48,18,16,14,46.24791666666667,3.9779166666666663,0,4,14,0,104,33.0,38.0,51.0,51.0,45.0,43.0,6.429100507328633,41.07142857142857,42.10714285714285
2025-04-15,53,20,26,7,48.25094339622642,3.9350943396226414,1,4,15,0,105,48.0,33.0,48.0,45.0,53.0,42.57142857142857,5.883795341363224,40.85714285714285,42.21428571428572
2025-04-16,37,20,13,4,42.770270270270274,3.8008108108108103,2,4,16,0,106,53.0,48.0,48.0,51.0,45.0,43.285714285714285,6.872997543873793,41.42857142857143,42.21428571428572
2025-04-17,46,19,18,9,33.493478260869566,3.954565217391304,3,4,17,0,107,37.0,53.0,43.0,25.0,38.0,41.71428571428572,6.872997543873794,40.42857142857143,41.92857142857143
2025-04-18,52,24,18,10,39.01730769230769,3.784230769230769,4,4,18,0,108,46.0,37.0,40.0,44.0,47.0,42.142857142857146,7.0575862594461976,41.92857142857143,42.21428571428572
2025-04-19,46,20,14,12,47.65869565217392,3.834782608695652,5,4,19,1,109,52.0,46.0,38.0,32.0,42.0,43.85714285714285,7.861903319777201,42.5,42.392857142857146
2025-04-20,24,15,6,3,59.175,4.807916666666666,6,4,20,1,110,46.0,52.0,33.0,26.0,28.0,45.0,7.438637868140464,43.5,42.535714285714285
2025-04-21,55,20,23,12,29.085454545454542,4.171454545454545,0,4,21,0,111,24.0,46.0,48.0,51.0,55.0,43.71428571428572,10.144198435793824,43.35714285714285,42.392857142857146
2025-04-22,41,24,7,10,53.13902439024391,4.227073170731708,1,4,22,0,112,55.0,24.0,53.0,48.0,61.0,44.71428571428572,10.950103282835368,43.642857142857146,42.392857142857146
2025-04-23,36,16,15,5,49.083333333333336,4.618611111111111,2,4,23,0,113,41.0,55.0,37.0,48.0,32.0,43.0,10.360180178613367,43.142857142857146,41.67857142857143
2025-04-24,45,22,15,8,44.65777777777778,4.559555555555556,3,4,24,0,114,36.0,41.0,46.0,43.0,47.0,42.85714285714285,10.46308704332476,42.285714285714285,41.82142857142857
2025-04-25,47,26,19,2,50.63829787234042,3.910212765957447,4,4,25,0,115,45.0,36.0,52.0,40.0,39.0,42.71428571428572,10.419761445034553,42.42857142857143,41.75
2025-04-26,32,15,9,8,39.284375,4.804375,5,4,26,1,116,47.0,45.0,46.0,38.0,30.0,42.0,9.831920802501749,42.92857142857143,42.035714285714285
2025-04-27,34,18,12,4,48.59411764705882,4.413823529411765,6,4,27,1,117,32.0,47.0,24.0,33.0,42.0,40.0,10.295630140986995,42.5,42.10714285714285
2025-04-28,52,24,18,10,42.98846153846154,4.266346153846154,0,4,28,0,118,34.0,32.0,55.0,48.0,51.0,41.42857142857143,8.182443458550807,42.57142857142857,41.82142857142857
2025-04-29,78,36,23,19,46.70512820512821,4.191923076923077,1,4,29,0,119,52.0,34.0,41.0,53.0,45.0,41.0,7.393691004272942,42.85714285714285,41.85714285714285
2025-04-30,36,11,16,9,40.03333333333333,4.389166666666666,2,4,30,0,120,78.0,52.0,36.0,37.0,51.0,46.285714285714285,15.818915741544846,44.642857142857146,43.035714285714285
2025-05-01,32,15,9,8,51.7,4.2153125,3,5,1,0,121,36.0,78.0,45.0,46.0,25.0,46.285714285714285,15.818915741544846,44.57142857142857,42.5
2025-05-02,40,16,15,9,38.985,4.01175,4,5,2,0,122,32.0,36.0,47.0,52.0,44.0,44.42857142857143,16.731777578977706,43.57142857142857,42.75
2025-05-03,33,16,11,6,40.084848484848486,4.002727272727273,5,5,3,1,123,40.0,32.0,32.0,46.0,32.0,43.42857142857143,16.761634196950517,42.71428571428572,42.60714285714285
2025-05-04,39,23,11,5,50.720512820512816,5.202307692307692,6,5,4,1,124,33.0,40.0,34.0,24.0,26.0,43.57142857142857,16.6518982186931,41.785714285714285,42.642857142857146
2025-05-05,43,20,15,8,43.50697674418605,4.551860465116278,0,5,5,0,125,39.0,33.0,52.0,55.0,51.0,44.285714285714285,16.275895118387865,42.85714285714285,43.10714285714285
2025-05-06,47,23,13,11,38.44255319148936,4.23404255319149,1,5,6,0,126,43.0,39.0,78.0,41.0,48.0,43.0,15.916448515084433,42.0,42.82142857142857
2025-05-07,40,20,15,5,42.9125,4.09175,2,5,7,0,127,47.0,43.0,36.0,36.0,48.0,38.57142857142857,5.3807416730764,42.42857142857143,42.785714285714285
2025-05-08,40,19,12,9,41.445,3.5817500000000004,3,5,8,0,128,40.0,47.0,32.0,45.0,43.0,39.142857142857146,5.2734735999646265,42.71428571428572,42.5
2025-05-09,37,18,10,9,45.02702702702703,3.77054054054054,4,5,9,0,129,40.0,40.0,40.0,47.0,40.0,40.285714285714285,4.231401884099638,42.35714285714285,42.392857142857146
2025-05-10,46,18,16,12,41.59130434782609,4.333695652173913,5,5,10,1,130,37.0,40.0,33.0,32.0,38.0,39.85714285714285,4.413183712037211,41.642857142857146,42.285714285714285
2025-05-11,41,19,16,6,43.16585365853658,4.145365853658537,6,5,11,1,131,46.0,37.0,39.0,34.0,33.0,41.71428571428572,3.7289089429432254,42.642857142857146,42.57142857142857
2025-05-12,53,23,22,8,42.58301886792453,4.161320754716981,0,5,12,0,132,41.0,46.0,43.0,52.0,48.0,42.0,3.559026084010445,43.142857142857146,42.85714285714285
2025-05-13,45,23,14,8,38.64666666666666,3.8217777777777777,1,5,13,0,133,53.0,41.0,47.0,78.0,53.0,43.42857142857143,5.503245795502352,43.21428571428572,43.035714285714285
2025-05-14,35,15,12,8,48.371428571428574,4.723428571428571,2,5,14,0,134,45.0,53.0,40.0,36.0,37.0,43.142857142857146,5.336308693862314,40.85714285714285,42.75
2025-05-15,45,21,16,8,42.126666666666665,4.385777777777778,3,5,15,0,135,35.0,45.0,40.0,32.0,46.0,42.42857142857143,6.106202935189294,40.785714285714285,42.67857142857143
2025-05-16,38,18,14,6,43.86842105263158,4.762368421052631,4,5,16,0,136,45.0,35.0,37.0,40.0,52.0,43.142857142857146,6.067085281214023,41.71428571428572,42.642857142857146
2025-05-17,38,18,9,11,40.25263157894737,4.025789473684211,5,5,17,1,137,38.0,45.0,46.0,33.0,46.0,43.285714285714285,5.908025211926735,41.57142857142857,42.142857142857146
2025-05-18,32,11,12,9,36.628125,4.6046875,6,5,18,1,138,38.0,38.0,41.0,39.0,24.0,42.142857142857146,6.067085281214027,41.92857142857143,41.85714285714285
2025-05-19,50,19,21,10,35.184,4.1062,0,5,19,0,139,32.0,38.0,53.0,43.0,55.0,40.85714285714285,7.197883286739509,41.42857142857143,42.142857142857146
2025-05-20,39,19,15,5,37.212820512820514,4.38,1,5,20,0,140,50.0,32.0,45.0,47.0,41.0,40.42857142857143,6.399404734221855,41.92857142857143,41.96428571428572
2025-05-21,39,19,14,6,36.61025641025641,4.042820512820512,2,5,21,0,141,39.0,50.0,35.0,40.0,36.0,39.57142857142857,6.07884700846971,41.35714285714285,41.892857142857146
2025-05-22,44,18,18,8,36.26363636363636,4.232954545454546,3,5,22,0,142,39.0,39.0,45.0,40.0,45.0,40.142857142857146,5.75698333703141,41.285714285714285,42.0
2025-05-23,35,15,12,8,42.3,3.882857142857143,4,5,23,0,143,44.0,39.0,38.0,37.0,47.0,40.0,5.627314338711392,41.57142857142857,41.96428571428572
2025-05-24,39,18,13,8,36.20512820512821,4.3566666666666665,5,5,24,1,144,35.0,44.0,38.0,46.0,32.0,39.57142857142857,5.912053869204943,41.42857142857143,41.535714285714285
2025-05-25,36,17,14,5,43.56944444444444,4.143888888888889,6,5,25,1,145,39.0,35.0,32.0,41.0,34.0,39.71428571428572,5.879747322073352,40.92857142857143,41.785714285714285
2025-05-26,57,28,17,12,39.94385964912281,4.2414035087719295,0,5,26,0,146,36.0,39.0,50.0,53.0,52.0,40.285714285714285,5.154748157905362,40.57142857142857,41.85714285714285
2025-05-27,56,28,16,12,45.38035714285714,4.0633928571428575,1,5,27,0,147,57.0,36.0,39.0,45.0,78.0,41.285714285714285,7.499206307209805,40.85714285714285,42.035714285714285
2025-05-28,38,20,15,3,48.27894736842105,4.407105263157895,2,5,28,0,148,56.0,57.0,39.0,35.0,36.0,43.71428571428572,9.196272536817755,41.642857142857146,41.25
2025-05-29,46,23,17,6,38.33913043478261,4.094347826086957,3,5,29,0,149,38.0,56.0,44.0,45.0,32.0,43.57142857142857,9.289010404005058,41.85714285714285,41.32142857142857
2025-05-30,37,15,19,3,34.81621621621622,5.130270270270271,4,5,30,0,150,46.0,38.0,35.0,38.0,40.0,43.85714285714285,9.335033858688304,41.92857142857143,41.82142857142857
2025-05-31,29,12,9,8,39.96206896551725,3.863448275862069,5,5,31,1,151,37.0,46.0,39.0,38.0,33.0,44.142857142857146,9.0448617352353,41.85714285714285,41.71428571428572
2025-06-01,27,13,10,4,48.492592592592594,4.201851851851852,6,6,1,1,152,29.0,37.0,36.0,32.0,39.0,42.71428571428572,10.641338977689568,41.21428571428572,41.57142857142857
2025-06-02,58,23,20,15,36.3948275862069,3.801206896551724,0,6,2,0,153,27.0,29.0,57.0,50.0,43.0,41.42857142857143,12.039617143098075,40.85714285714285,41.142857142857146
2025-06-03,45,22,16,7,46.14,4.491777777777778,1,6,3,0,154,58.0,27.0,56.0,39.0,47.0,41.57142857142857,12.259107401671397,41.42857142857143,41.67857142857143
2025-06-04,41,18,13,10,44.93414634146341,4.287804878048781,2,6,4,0,155,45.0,58.0,38.0,39.0,40.0,40.0,10.708252269472686,41.85714285714285,41.60714285714285
2025-06-05,46,24,15,7,36.43913043478261,3.907608695652174,3,6,5,0,156,41.0,45.0,46.0,44.0,40.0,40.42857142857143,10.674848052894298,42.0,41.642857142857146
2025-06-06,38,16,12,10,35.93684210526315,4.5228947368421055,4,6,6,0,157,46.0,41.0,37.0,35.0,37.0,40.42857142857143,10.674848052894298,42.142857142857146,41.85714285714285
2025-06-07,37,13,16,8,34.63243243243244,4.195945945945946,5,6,7,1,158,38.0,46.0,29.0,39.0,46.0,40.57142857142857,10.627905765125185,42.35714285714285,41.892857142857146
2025-06-08,42,25,13,4,51.147619047619045,3.883095238095238,6,6,8,1,159,37.0,38.0,27.0,36.0,41.0,41.71428571428572,9.55186344322904,42.21428571428572,41.57142857142857
2025-06-09,70,24,33,13,40.77428571428571,4.848428571428571,0,6,9,0,160,42.0,37.0,58.0,57.0,53.0,43.85714285714285,7.057586259446192,42.642857142857146,41.60714285714285
2025-06-10,44,19,18,7,39.68636363636364,4.182954545454546,1,6,10,0,161,70.0,42.0,45.0,56.0,45.0,45.57142857142857,11.267314717907755,43.57142857142857,42.21428571428572
2025-06-11,40,13,11,16,32.925,4.197,2,6,11,0,162,44.0,70.0,41.0,38.0,35.0,45.42857142857143,11.282097069504148,42.71428571428572,42.17857142857143
2025-06-12,41,16,18,7,43.59512195121951,3.4248780487804877,3,6,12,0,163,40.0,44.0,46.0,46.0,45.0,45.285714285714285,11.353623294119007,42.85714285714285,42.35714285714285
2025-06-13,44,21,16,7,51.345454545454544,3.7,4,6,13,0,164,41.0,40.0,38.0,37.0,38.0,44.57142857142857,11.457997830586027,42.5,42.21428571428572
2025-06-14,28,13,11,4,42.94285714285714,4.812142857142858,5,6,14,1,165,44.0,41.0,37.0,29.0,38.0,45.42857142857143,11.103410029613158,43.0,42.42857142857143
2025-06-15,31,14,15,2,37.31935483870968,3.641935483870968,6,6,15,1,166,28.0,44.0,42.0,27.0,32.0,44.142857142857146,12.654756305154876,42.92857142857143,42.07142857142857
2025-06-16,48,16,22,10,44.92291666666667,4.342083333333333,0,6,16,0,167,31.0,28.0,70.0,58.0,50.0,42.57142857142857,13.611969522655944,43.21428571428572,42.035714285714285
2025-06-17,59,26,19,14,37.08474576271186,4.090508474576271,1,6,17,0,168,48.0,31.0,44.0,45.0,39.0,39.42857142857143,7.299706452023573,42.5,41.96428571428572
2025-06-18,36,19,10,7,44.26666666666667,3.733055555555556,2,6,18,0,169,59.0,48.0,40.0,41.0,39.0,41.57142857142857,10.40604220084247,43.5,42.67857142857143
2025-06-19,41,19,18,4,49.834146341463416,4.057317073170732,3,6,19,0,170,36.0,59.0,41.0,46.0,44.0,41.0,10.614455552060445,43.142857142857146,42.57142857142857
2025-06-20,33,14,16,3,42.60606060606061,3.87090909090909,4,6,20,0,171,41.0,36.0,44.0,38.0,35.0,41.0,10.614455552060445,42.785714285714285,42.46428571428572
2025-06-21,40,24,13,3,46.7675,4.313000000000001,5,6,21,1,172,33.0,41.0,28.0,37.0,39.0,39.42857142857143,10.906529280774029,42.42857142857143,42.392857142857146
2025-06-22,35,12,10,13,34.45428571428572,3.969142857142857,6,6,22,1,173,40.0,33.0,31.0,42.0,36.0,41.142857142857146,9.685531674075714,42.642857142857146,42.42857142857143
2025-06-23,56,23,19,14,38.88214285714286,4.786607142857143,0,6,23,0,174,35.0,40.0,48.0,70.0,57.0,41.71428571428572,9.086882225022432,42.142857142857146,42.392857142857146
2025-06-24,42,16,19,7,30.79047619047619,4.155476190476191,1,6,24,0,175,56.0,35.0,59.0,44.0,56.0,42.85714285714285,10.41519037157701,41.142857142857146,42.35714285714285
2025-06-25,40,18,16,6,34.552499999999995,3.784,2,6,25,0,176,42.0,56.0,36.0,40.0,38.0,40.42857142857143,7.634508123364232,41.0,41.85714285714285
2025-06-26,27,8,14,5,37.32222222222222,4.808888888888889,3,6,26,0,177,40.0,42.0,41.0,41.0,46.0,41.0,7.393691004272951,41.0,41.92857142857143
2025-06-27,48,24,14,10,40.61666666666667,4.767291666666666,4,6,27,0,178,27.0,40.0,33.0,44.0,37.0,39.0,9.09212113132392,40.0,41.25
2025-06-28,33,16,11,6,42.61212121212122,3.5475757575757574,5,6,28,1,179,48.0,27.0,40.0,28.0,29.0,41.142857142857146,9.209208641871673,40.285714285714285,41.642857142857146
2025-06-29,42,24,10,8,52.06666666666667,4.043333333333333,6,6,29,1,180,33.0,48.0,35.0,31.0,27.0,40.142857142857146,9.719886340703304,40.642857142857146,41.785714285714285
2025-06-30,41,13,21,7,30.953658536585365,4.07219512195122,0,6,30,0,181,42.0,33.0,56.0,48.0,58.0,41.142857142857146,9.459185508075764,41.42857142857143,42.32142857142857
2025-07-01,51,20,20,11,37.4843137254902,4.239803921568627,1,7,1,0,182,41.0,42.0,42.0,59.0,45.0,39.0,6.879922480183453,40.92857142857143,41.71428571428572
2025-07-02,45,22,14,9,37.58,4.892222222222222,2,7,2,0,183,51.0,41.0,40.0,36.0,41.0,40.285714285714285,8.240434570140222,40.35714285714285,41.92857142857143
2025-07-03,31,20,7,4,53.487096774193546,3.949677419354839,3,7,3,0,184,45.0,51.0,27.0,41.0,46.0,41.0,8.426149773176363,41.0,42.07142857142857
2025-07-04,39,19,13,7,43.20769230769231,4.224102564102564,4,7,4,0,185,31.0,45.0,48.0,33.0,38.0,41.57142857142857,7.390470053998434,40.285714285714285,41.535714285714285
2025-07-05,30,12,10,8,33.25,4.494,5,7,5,1,186,39.0,31.0,33.0,40.0,37.0,40.285714285714285,6.848705126136037,40.71428571428572,41.57142857142857
2025-07-06,38,16,15,7,41.85,4.758684210526316,6,7,6,1,187,30.0,39.0,42.0,35.0,42.0,39.85714285714285,7.448234050846594,40.0,41.32142857142857
2025-07-07,51,22,14,15,40.7921568627451,4.366078431372549,0,7,7,0,188,38.0,30.0,41.0,56.0,70.0,39.285714285714285,7.409774753982887,40.21428571428572,41.17857142857143
2025-07-08,45,28,10,7,44.51333333333333,3.7488888888888887,1,7,8,0,189,51.0,38.0,51.0,42.0,44.0,40.71428571428572,8.65475371716388,39.85714285714285,40.5
2025-07-09,45,18,20,7,38.94444444444444,3.985777777777778,2,7,9,0,190,45.0,51.0,45.0,40.0,40.0,39.85714285714285,7.712080813644957,40.07142857142857,40.535714285714285
2025-07-10,50,23,15,12,47.502,4.137,3,7,10,0,191,45.0,45.0,31.0,27.0,41.0,39.85714285714285,7.712080813644957,40.42857142857143,40.71428571428572
2025-07-11,26,10,7,9,31.523076923076925,4.066538461538462,4,7,11,0,192,50.0,45.0,39.0,48.0,44.0,42.57142857142857,7.412987316351003,42.07142857142857,41.035714285714285
2025-07-12,38,19,9,10,46.11578947368421,4.462631578947368,5,7,12,1,193,26.0,50.0,30.0,33.0,28.0,40.71428571428572,9.724784242924295,40.5,40.392857142857146
2025-07-13,37,15,13,9,39.8,4.135945945945946,6,7,13,1,194,38.0,26.0,38.0,42.0,31.0,41.85714285714285,8.668497975016036,40.85714285714285,40.75
2025-07-14,54,30,16,8,49.025925925925925,4.13425925925926,0,7,14,0,195,37.0,38.0,51.0,41.0,48.0,41.71428571428572,8.750510189207745,40.5,40.96428571428572
2025-07-15,49,17,20,12,42.98571428571429,4.781224489795918,1,7,15,0,196,54.0,37.0,45.0,51.0,59.0,42.142857142857146,9.335033858688307,41.42857142857143,41.17857142857143
2025-07-16,43,19,17,7,41.276744186046514,3.7939534883720936,2,7,16,0,197,49.0,54.0,45.0,45.0,36.0,42.71428571428572,9.655987533033334,41.285714285714285,40.82142857142857
2025-07-17,39,21,12,6,39.82307692307692,4.422820512820513,3,7,17,0,198,43.0,49.0,50.0,31.0,41.0,42.42857142857143,9.60654538768824,41.142857142857146,41.07142857142857
2025-07-18,43,17,19,7,40.46279069767442,3.961627906976744,4,7,18,0,199,39.0,43.0,26.0,39.0,33.0,40.85714285714285,9.044861735235306,41.71428571428572,41.0
2025-07-19,25,10,8,7,43.84,4.1172,5,7,19,1,200,43.0,39.0,38.0,30.0,40.0,43.285714285714285,6.23736818736571,42.0,41.35714285714285
2025-07-20,32,14,11,7,42.446875,4.711875,6,7,20,1,201,25.0,43.0,37.0,38.0,35.0,41.42857142857143,9.271050693011066,41.642857142857146,40.82142857142857
2025-07-21,52,30,13,9,56.25,3.9509615384615375,0,7,21,0,202,32.0,25.0,54.0,51.0,56.0,40.71428571428572,9.84402163268458,41.21428571428572,40.71428571428572
2025-07-22,47,24,11,12,49.02765957446809,4.563404255319148,1,7,22,0,203,52.0,32.0,49.0,45.0,42.0,40.42857142857143,9.413769044280176,41.285714285714285,40.57142857142857
2025-07-23,37,16,14,7,43.3,4.284054054054054,2,7,23,0,204,47.0,52.0,43.0,45.0,40.0,40.142857142857146,9.13653054918499,41.42857142857143,40.75
2025-07-24,35,16,10,9,39.21714285714286,3.5445714285714285,3,7,24,0,205,37.0,47.0,39.0,50.0,27.0,39.285714285714285,9.105205209371288,40.85714285714285,40.642857142857146
2025-07-25,39,13,16,10,35.91025641025641,4.376923076923077,4,7,25,0,206,35.0,37.0,43.0,26.0,48.0,38.71428571428572,9.250482612892624,39.785714285714285,40.92857142857143
2025-07-26,26,8,12,6,48.38076923076923,4.371538461538462,5,7,26,1,207,39.0,35.0,25.0,38.0,33.0,38.142857142857146,9.06326967174967,40.71428571428572,40.60714285714285
2025-07-27,32,14,13,5,42.284375,4.4815625,6,7,27,1,208,26.0,39.0,32.0,37.0,42.0,38.285714285714285,8.82636742407442,39.85714285714285,40.35714285714285
2025-07-28,51,23,18,10,38.8156862745098,5.037843137254902,0,7,28,0,209,32.0,26.0,52.0,54.0,41.0,38.285714285714285,8.82636742407442,39.5,40.0
2025-07-29,53,27,17,9,45.55471698113208,4.67433962264151,1,7,29,0,210,51.0,32.0,47.0,49.0,51.0,38.142857142857146,8.571825387640061,39.285714285714285,40.35714285714285
2025-07-30,59,24,21,14,35.771186440677965,3.9891525423728815,2,7,30,0,211,53.0,51.0,37.0,43.0,45.0,39.0,9.814954576223643,39.57142857142857,40.42857142857143
2025-07-31,23,12,7,4,57.86521739130435,4.653913043478261,3,7,31,0,212,59.0,53.0,35.0,39.0,31.0,42.142857142857146,12.280452915488238,40.71428571428572,40.92857142857143
2025-08-01,33,14,12,7,37.85757575757576,4.118787878787878,4,8,1,0,213,23.0,59.0,39.0,43.0,39.0,40.42857142857143,14.140451935931216,39.57142857142857,40.642857142857146
2025-08-02,30,10,9,11,26.78666666666667,4.842666666666667,5,8,2,1,214,33.0,23.0,26.0,25.0,30.0,39.57142857142857,14.420554113916046,38.85714285714285,40.42857142857143
2025-08-03,26,11,9,6,34.59230769230769,4.010769230769231,6,8,3,1,215,30.0,33.0,32.0,32.0,38.0,40.142857142857146,13.861560415150132,39.21428571428572,40.42857142857143
2025-08-04,51,23,20,8,42.03333333333333,3.894705882352941,0,8,4,0,216,26.0,30.0,51.0,52.0,51.0,39.285714285714285,14.614083227196588,38.785714285714285,40.0
2025-08-05,45,21,10,14,33.94888888888889,4.301777777777778,1,8,5,0,217,51.0,26.0,53.0,47.0,45.0,39.285714285714285,14.614083227196588,38.71428571428572,40.0
2025-08-06,45,23,13,9,53.82222222222222,3.9722222222222223,2,8,6,0,218,45.0,51.0,59.0,37.0,45.0,38.142857142857146,13.64341808869234,38.57142857142857,40.0
2025-08-07,53,24,19,10,40.64339622641509,4.487735849056604,3,8,7,0,219,45.0,45.0,23.0,35.0,50.0,36.142857142857146,10.807845474909614,39.142857142857146,40.0
2025-08-08,41,26,9,6,49.45121951219512,3.874878048780488,4,8,8,0,220,53.0,45.0,33.0,39.0,26.0,40.42857142857143,10.674848052894284,40.42857142857143,40.10714285714285
2025-08-09,38,14,15,9,44.98684210526316,4.111052631578947,5,8,9,1,221,41.0,53.0,30.0,26.0,38.0,41.57142857142857,10.162957949618512,40.57142857142857,40.642857142857146
2025-08-10,27,9,11,7,30.522222222222226,4.199259259259259,6,8,10,1,222,38.0,41.0,26.0,32.0,37.0,42.71428571428572,9.031690238899264,41.42857142857143,40.642857142857146
2025-08-11,55,30,15,10,51.40909090909091,4.040545454545454,0,8,11,0,223,27.0,38.0,51.0,51.0,54.0,42.85714285714285,8.725987459471668,41.07142857142857,40.285714285714285
2025-08-12,49,17,19,13,38.71632653061224,4.383673469387755,1,8,12,0,224,55.0,27.0,45.0,53.0,49.0,43.42857142857143,9.44911182523066,41.35714285714285,40.32142857142857
2025-08-13,43,17,14,12,38.6953488372093,4.531395348837209,2,8,13,0,225,49.0,55.0,45.0,59.0,43.0,44.0,9.678154093971958,41.07142857142857,40.32142857142857
2025-08-14,46,24,16,6,40.31304347826087,5.230434782608696,3,8,14,0,226,43.0,49.0,53.0,23.0,39.0,43.71428571428572,9.673232581274377,39.92857142857143,40.32142857142857
2025-08-15,48,21,19,8,37.11666666666667,3.9447916666666663,4,8,15,0,227,46.0,43.0,41.0,33.0,43.0,42.71428571428572,8.882835240212529,41.57142857142857,40.57142857142857
2025-08-16,33,14,11,8,38.21212121212121,4.328181818181818,5,8,16,1,228,48.0,46.0,38.0,30.0,25.0,43.71428571428572,9.0501249662511,42.642857142857146,40.75
2025-08-17,44,17,17,10,38.57272727272727,4.280681818181818,6,8,17,1,229,33.0,48.0,27.0,26.0,32.0,43.0,9.746794344808947,42.85714285714285,41.035714285714285
2025-08-18,55,25,22,8,50.64181818181819,3.5241818181818183,0,8,18,0,230,44.0,33.0,55.0,51.0,52.0,45.42857142857143,6.75418741367509,44.142857142857146,41.46428571428572
2025-08-19,55,24,16,15,38.89272727272727,4.034545454545454,1,8,19,0,231,55.0,44.0,49.0,45.0,47.0,45.42857142857143,6.75418741367509,44.42857142857143,41.57142857142857
2025-08-20,33,18,9,6,43.59090909090909,3.723636363636364,2,8,20,0,232,55.0,55.0,43.0,45.0,37.0,46.285714285714285,7.609517849690688,45.142857142857146,41.85714285714285
2025-08-21,40,17,16,7,49.3425,3.5955,3,8,21,0,233,33.0,55.0,46.0,53.0,35.0,44.85714285714285,9.118270512704512,44.285714285714285,41.71428571428572
2025-08-22,34,17,10,7,35.80882352941177,4.221176470588236,4,8,22,0,234,40.0,33.0,48.0,41.0,39.0,44.0,9.27361849549568,43.35714285714285,41.892857142857146
2025-08-23,30,11,10,9,34.36666666666667,3.809,5,8,23,1,235,34.0,40.0,33.0,38.0,26.0,42.0,9.76387901058453,42.85714285714285,41.71428571428572
2025-08-24,38,19,14,5,44.23947368421052,4.388684210526316,6,8,24,1,236,30.0,34.0,44.0,27.0,32.0,41.57142857142857,10.277112805600972,42.285714285714285,41.85714285714285
2025-08-25,39,18,14,7,42.130769230769225,3.824615384615385,0,8,25,0,237,38.0,30.0,55.0,55.0,51.0,40.71428571428572,10.291003930849598,43.07142857142857,42.07142857142857
2025-08-26,54,21,18,15,42.45925925925926,5.765,1,8,26,0,238,39.0,38.0,55.0,49.0,53.0,38.42857142857143,8.141603913585731,41.92857142857143,41.642857142857146
2025-08-27,29,12,9,8,36.720689655172414,3.6855172413793102,2,8,27,0,239,54.0,39.0,33.0,43.0,59.0,38.285714285714285,7.804150299985394,42.285714285714285,41.67857142857143
2025-08-28,40,19,11,10,41.665,4.4525,3,8,28,0,240,29.0,54.0,40.0,46.0,23.0,37.71428571428572,8.380817098475275,41.285714285714285,40.60714285714285
2025-08-29,50,18,21,11,38.11,4.0654,4,8,29,0,241,40.0,29.0,34.0,48.0,33.0,37.71428571428572,8.380817098475275,40.85714285714285,41.21428571428572
2025-08-30,34,12,11,11,41.97941176470588,4.478823529411764,5,8,30,1,242,50.0,40.0,30.0,33.0,30.0,40.0,9.327379053088816,41.0,41.82142857142857
2025-08-31,25,13,9,3,49.456,4.3136,6,8,31,1,243,34.0,50.0,38.0,44.0,26.0,40.57142857142857,8.71506631944823,41.07142857142857,41.96428571428572
2025-09-01,51,20,19,12,38.69019607843137,4.718039215686274,0,9,1,0,244,25.0,34.0,39.0,55.0,51.0,38.71428571428572,10.546947199929248,39.71428571428572,41.92857142857143
2025-09-02,60,30,17,13,37.763333333333335,4.190166666666666,1,9,2,0,245,51.0,25.0,54.0,55.0,45.0,40.42857142857143,11.530497862294627,39.42857142857143,41.92857142857143
2025-09-03,27,12,8,7,32.72222222222222,3.061851851851852,2,9,3,0,246,60.0,51.0,29.0,33.0,45.0,41.285714285714285,12.85449708227028,39.785714285714285,42.46428571428572
2025-09-04,45,25,12,8,41.12888888888889,4.244888888888889,3,9,4,0,247,27.0,60.0,40.0,40.0,53.0,41.0,13.190905958272916,39.35714285714285,41.82142857142857
2025-09-05,46,16,16,14,41.506521739130434,4.318478260869566,4,9,5,0,248,45.0,27.0,50.0,34.0,41.0,41.71428571428572,13.262909254939574,39.71428571428572,41.535714285714285
2025-09-06,49,14,20,15,35.30816326530612,4.416734693877551,5,9,6,1,249,46.0,45.0,34.0,30.0,38.0,41.142857142857146,12.928374110570015,40.57142857142857,41.71428571428572
2025-09-07,40,21,10,9,50.96,4.65875,6,9,7,1,250,49.0,46.0,25.0,38.0,27.0,43.285714285714285,12.789504625724495,41.92857142857143,42.10714285714285
2025-09-08,59,32,19,8,48.9728813559322,4.081186440677966,0,9,8,0,251,40.0,49.0,51.0,39.0,55.0,45.42857142857143,10.212037714663698,42.07142857142857,42.57142857142857
2025-09-09,40,17,17,6,40.465,4.554,1,9,9,0,252,59.0,40.0,60.0,54.0,49.0,46.57142857142857,11.326328367379858,43.5,42.71428571428572
2025-09-10,37,12,17,8,39.935135135135134,4.721351351351351,2,9,10,0,253,40.0,59.0,27.0,29.0,43.0,43.71428571428572,9.793097666456797,42.5,42.392857142857146
2025-09-11,53,24,20,9,42.5188679245283,4.4750943396226415,3,9,11,0,254,37.0,40.0,45.0,40.0,46.0,45.142857142857146,7.380798769522848,43.07142857142857,42.17857142857143
2025-09-12,44,21,14,9,41.48863636363637,4.864772727272728,4,9,12,0,255,53.0,37.0,46.0,50.0,48.0,46.285714285714285,7.952238379104003,44.0,42.42857142857143
2025-09-13,40,22,11,7,48.4775,4.63475,5,9,13,1,256,44.0,53.0,49.0,34.0,33.0,46.0,7.9999999999999645,43.57142857142857,42.285714285714285
2025-09-14,38,14,16,8,33.613157894736844,4.335,6,9,14,1,257,40.0,44.0,40.0,25.0,44.0,44.71428571428572,8.15913160645348,44.0,42.535714285714285
2025-09-15,52,22,21,9,45.00192307692308,3.7875,0,9,15,0,258,38.0,40.0,59.0,51.0,55.0,44.42857142857143,8.383657572069238,44.92857142857143,42.32142857142857
2025-09-16,61,29,23,9,39.98360655737705,3.5204918032786887,1,9,16,0,259,52.0,38.0,40.0,60.0,55.0,43.42857142857143,6.579187965525379,45.0,42.21428571428572
2025-09-17,49,21,18,10,40.83469387755103,4.437346938775511,2,9,17,0,260,61.0,52.0,37.0,27.0,33.0,46.42857142857143,9.07114735222142,45.07142857142857,42.42857142857143
2025-09-18,34,16,11,7,57.20588235294117,3.7317647058823527,3,9,18,0,261,49.0,61.0,53.0,45.0,40.0,48.142857142857146,8.071112509614542,46.642857142857146,43.0
2025-09-19,39,18,12,9,46.47179487179488,4.224102564102564,4,9,19,0,262,34.0,49.0,44.0,46.0,34.0,45.42857142857143,9.271050693011038,45.85714285714285,42.785714285714285
2025-09-20,32,15,13,4,30.18125,3.8359375,5,9,20,1,263,39.0,34.0,40.0,49.0,30.0,44.71428571428572,9.586697132211984,45.35714285714285,42.96428571428572
2025-09-21,38,19,14,5,39.71578947368421,4.050526315789473,6,9,21,1,264,32.0,39.0,38.0,40.0,38.0,43.57142857142857,10.65922359363229,44.142857142857146,43.035714285714285
2025-09-22,51,22,17,12,44.98823529411765,4.22843137254902,0,9,22,0,265,38.0,32.0,52.0,59.0,39.0,43.57142857142857,10.65922359363229,44.0,43.035714285714285
2025-09-23,44,17,17,10,36.85681818181818,3.978636363636364,1,9,23,0,266,51.0,38.0,61.0,40.0,54.0,43.42857142857143,10.533393610436317,43.42857142857143,43.46428571428572
2025-09-24,46,23,18,5,47.83478260869565,4.876739130434783,2,9,24,0,267,44.0,51.0,49.0,37.0,29.0,41.0,7.257180352359074,43.71428571428572,43.10714285714285
2025-09-25,35,15,13,7,34.24857142857143,3.771142857142858,3,9,25,0,268,46.0,44.0,34.0,53.0,40.0,40.57142857142857,6.778818551368734,44.35714285714285,43.71428571428572
2025-09-26,31,14,11,6,52.81935483870968,3.959354838709677,4,9,26,0,269,35.0,46.0,39.0,44.0,50.0,40.71428571428572,6.62606685030885,43.07142857142857,43.535714285714285
2025-09-27,37,11,19,7,34.24594594594594,4.798918918918919,5,9,27,1,270,31.0,35.0,32.0,40.0,34.0,39.57142857142857,7.590721152765898,42.142857142857146,42.85714285714285
2025-09-28,28,12,11,5,45.97857142857144,4.464642857142858,6,9,28,1,271,37.0,31.0,38.0,38.0,25.0,40.285714285714285,6.969320524371694,41.92857142857143,42.96428571428572
2025-09-29,38,18,14,6,46.21315789473684,4.560263157894736,0,9,29,0,272,28.0,37.0,51.0,52.0,51.0,38.85714285714285,8.395009855633914,41.21428571428572,43.07142857142857
2025-09-30,40,20,11,9,42.7725,4.265,1,9,30,0,273,38.0,28.0,44.0,61.0,60.0,37.0,6.480740698407877,40.21428571428572,42.60714285714285
2025-10-01,39,18,13,8,40.95384615384616,3.7366666666666655,2,10,1,0,274,40.0,38.0,46.0,49.0,27.0,36.42857142857143,5.912053869204951,38.71428571428572,41.892857142857146
2025-10-02,43,21,13,9,44.37906976744186,4.603023255813953,3,10,2,0,275,39.0,40.0,35.0,34.0,45.0,35.42857142857143,4.4293394111366045,38.0,42.32142857142857
2025-10-03,42,12,14,16,38.97142857142857,4.149285714285715,4,10,3,0,276,43.0,39.0,31.0,39.0,46.0,36.57142857142857,5.255382728122461,38.642857142857146,42.25
2025-10-04,33,15,13,5,43.57878787878788,4.392424242424242,5,10,4,1,277,42.0,43.0,37.0,32.0,49.0,38.142857142857146,4.947341758580117,38.85714285714285,42.10714285714285
2025-10-05,32,10,14,8,35.2875,5.0434375,6,10,5,1,278,33.0,42.0,28.0,38.0,40.0,37.57142857142857,5.318431562567526,38.92857142857143,41.535714285714285
2025-10-06,48,24,15,9,42.925,3.767916666666667,0,10,6,0,279,32.0,33.0,38.0,51.0,59.0,38.142857142857146,4.22013315068659,38.5,41.25
2025-10-07,62,22,27,13,40.29354838709677,3.656612903225807,1,10,7,0,280,48.0,32.0,40.0,44.0,40.0,39.57142857142857,5.623081683476384,38.285714285714285,40.85714285714285
2025-10-08,40,18,13,9,47.92,4.4085,2,10,8,0,281,62.0,48.0,39.0,46.0,37.0,42.71428571428572,10.193368525897688,39.57142857142857,41.642857142857146
2025-10-09,47,21,15,11,46.57021276595745,4.376808510638298,3,10,9,0,282,40.0,62.0,43.0,35.0,53.0,42.85714285714285,10.139503134252855,39.142857142857146,41.75
2025-10-10,45,17,15,13,41.63777777777778,3.722444444444444,4,10,10,0,283,47.0,40.0,42.0,31.0,44.0,43.42857142857143,10.260882724488855,40.0,41.535714285714285
2025-10-11,40,19,14,7,48.64,4.42175,5,10,11,1,284,45.0,47.0,33.0,37.0,40.0,43.85714285714285,10.25391911138647,41.0,41.57142857142857
2025-10-12,31,14,12,5,37.87096774193548,4.594193548387096,6,10,12,1,285,40.0,45.0,32.0,28.0,38.0,44.85714285714285,9.317162862670331,41.21428571428572,41.57142857142857
2025-10-13,49,21,15,13,36.895918367346944,4.607142857142857,0,10,13,0,286,31.0,40.0,48.0,38.0,52.0,44.71428571428572,9.551863443229008,41.42857142857143,41.32142857142857
2025-10-14,40,23,9,8,39.695,4.912,1,10,14,0,287,49.0,31.0,62.0,40.0,61.0,44.85714285714285,9.61645415297083,42.21428571428572,41.21428571428572
2025-10-15,48,16,19,13,34.729166666666664,4.352291666666667,2,10,15,0,288,40.0,49.0,40.0,39.0,49.0,41.71428571428572,5.992058236095654,42.21428571428572,40.46428571428572
2025-10-16,46,19,18,9,40.7,4.517826086956521,3,10,16,0,289,48.0,40.0,47.0,43.0,34.0,42.85714285714285,6.362090102803494,42.85714285714285,40.42857142857143
2025-10-17,39,17,14,8,43.48461538461539,4.332307692307692,4,10,17,0,290,46.0,48.0,45.0,42.0,39.0,42.71428571428572,6.264031867582967,43.07142857142857,40.85714285714285
2025-10-18,43,26,11,6,42.92790697674419,3.896976744186047,5,10,18,1,291,39.0,46.0,40.0,33.0,32.0,41.85714285714285,6.309478885734038,42.85714285714285,40.85714285714285
2025-10-19,38,20,11,7,42.21315789473684,4.847631578947369,6,10,19,1,292,43.0,39.0,31.0,32.0,38.0,42.285714285714285,6.264031867582972,43.57142857142857,41.25
2025-10-20,48,17,22,9,42.62916666666667,3.659791666666667,0,10,20,0,293,38.0,43.0,49.0,48.0,51.0,43.285714285714285,4.46147530585585,44.0,41.25
2025-10-21,57,23,24,10,41.86666666666667,4.669824561403509,1,10,21,0,294,48.0,38.0,40.0,62.0,44.0,43.142857142857146,4.2594432902501245,44.0,41.142857142857146
2025-10-22,33,19,10,4,51.42424242424242,4.836060606060606,2,10,22,0,295,57.0,48.0,48.0,40.0,46.0,45.57142857142857,6.451282633635496,43.642857142857146,41.60714285714285
2025-10-23,37,15,11,11,36.78378378378378,4.297567567567567,3,10,23,0,296,33.0,57.0,46.0,47.0,35.0,43.42857142857143,7.849780100044031,43.142857142857146,41.142857142857146
2025-10-24,37,20,11,6,38.567567567567565,4.048378378378378,4,10,24,0,297,37.0,33.0,39.0,45.0,31.0,42.142857142857146,8.091735937126861,42.42857142857143,41.21428571428572
2025-10-25,30,14,10,6,48.82,3.701,5,10,25,1,298,37.0,37.0,43.0,40.0,37.0,41.85714285714285,8.254868693253517,41.85714285714285,41.42857142857143
2025-10-26,28,7,14,7,36.760714285714286,3.86,6,10,26,1,299,30.0,37.0,38.0,31.0,28.0,40.0,9.345230512584132,41.142857142857146,41.17857142857143
2025-10-27,54,28,10,16,46.23703703703704,4.260555555555555,0,10,27,0,300,28.0,30.0,48.0,49.0,38.0,38.57142857142857,10.406042200842483,40.92857142857143,41.17857142857143
2025-10-28,50,21,17,12,36.382000000000005,3.976,1,10,28,0,301,54.0,28.0,57.0,40.0,40.0,39.42857142857143,11.501552690211636,41.285714285714285,41.75
2025-10-29,38,20,14,4,38.41315789473684,4.306315789473683,2,10,29,0,302,50.0,54.0,33.0,48.0,39.0,38.42857142857143,9.91391518451286,42.0,42.10714285714285
2025-10-30,38,16,12,10,33.29210526315789,4.129736842105263,3,10,30,0,303,38.0,50.0,37.0,46.0,43.0,39.142857142857146,9.633769968684332,41.285714285714285,42.07142857142857
2025-10-31,46,20,16,10,46.69130434782609,4.115869565217392,4,10,31,0,304,38.0,38.0,37.0,39.0,42.0,39.285714285714285,9.604066599003543,40.71428571428572,41.892857142857146
2025-11-01,43,14,19,10,41.03720930232559,4.601162790697674,5,11,1,1,305,46.0,38.0,30.0,43.0,33.0,40.57142857142857,9.84644001415644,41.21428571428572,42.035714285714285
2025-11-02,37,18,9,10,39.01351351351352,4.250540540540541,6,11,2,1,306,43.0,46.0,28.0,38.0,32.0,42.42857142857143,8.676734079462971,41.21428571428572,42.392857142857146
2025-11-03,63,31,20,12,44.94126984126984,3.920634920634921,0,11,3,0,307,37.0,43.0,54.0,48.0,48.0,43.71428571428572,6.6008657440845,41.142857142857146,42.57142857142857
2025-11-04,58,24,25,9,44.99310344827586,4.040172413793104,1,11,4,0,308,63.0,37.0,50.0,57.0,62.0,45.0,9.273618495495674,42.21428571428572,43.10714285714285
2025-11-05,63,27,23,13,39.77777777777778,4.558730158730159,2,11,5,0,309,58.0,63.0,38.0,33.0,40.0,46.142857142857146,10.415190371576974,42.285714285714285,42.96428571428572
2025-11-06,69,27,29,13,35.62173913043478,3.804347826086957,3,11,6,0,310,63.0,58.0,38.0,37.0,47.0,49.71428571428572,11.397577019031743,44.42857142857143,43.785714285714285
2025-11-07,53,23,20,10,50.95849056603774,4.543396226415094,4,11,7,0,311,69.0,63.0,46.0,37.0,45.0,54.142857142857146,12.08895599887993,46.71428571428572,44.57142857142857
2025-11-08,40,20,11,9,45.435,3.62425,5,11,8,1,312,53.0,69.0,43.0,30.0,40.0,55.142857142857146,11.582005747833788,47.85714285714285,44.85714285714285
2025-11-09,46,22,13,11,43.43043478260869,4.202826086956522,6,11,9,1,313,40.0,53.0,37.0,28.0,31.0,54.71428571428572,12.147898113312706,48.57142857142857,44.85714285714285
2025-11-10,56,21,21,14,37.16785714285714,3.926428571428571,0,11,10,0,314,46.0,40.0,63.0,54.0,49.0,56.0,10.295630140986884,49.85714285714285,45.392857142857146
2025-11-11,46,21,12,13,38.9,3.789565217391304,1,11,11,0,315,56.0,46.0,58.0,50.0,40.0,55.0,9.83192080250164,50.0,45.642857142857146
2025-11-12,49,27,15,7,48.06122448979592,4.672448979591836,2,11,12,0,316,46.0,56.0,63.0,38.0,48.0,53.285714285714285,10.258562045340144,49.71428571428572,45.85714285714285
2025-11-13,54,25,20,9,44.61851851851852,4.655,3,11,13,0,317,49.0,46.0,69.0,38.0,46.0,51.285714285714285,9.375753937938024,50.5,45.892857142857146
2025-11-14,46,19,17,10,42.38478260869565,3.8021739130434784,4,11,14,0,318,54.0,49.0,53.0,46.0,39.0,49.142857142857146,5.610364558225189,51.642857142857146,46.17857142857143
2025-11-15,36,10,17,9,24.280555555555555,3.779722222222222,5,11,15,1,319,46.0,54.0,40.0,43.0,43.0,48.142857142857146,5.429197958832363,51.642857142857146,46.42857142857143
2025-11-16,43,25,14,4,51.93255813953488,4.228139534883721,6,11,16,1,320,36.0,46.0,46.0,37.0,38.0,47.57142857142857,6.528326555791058,51.142857142857146,46.17857142857143
2025-11-17,48,17,21,10,44.67291666666667,5.029166666666667,0,11,17,0,321,43.0,36.0,56.0,63.0,48.0,47.142857142857146,6.743603671345883,51.57142857142857,46.35714285714285
2025-11-18,54,24,23,7,47.07037037037038,3.913333333333333,1,11,18,0,322,48.0,43.0,46.0,58.0,57.0,46.0,5.567764362829968,50.5,46.35714285714285
2025-11-19,50,23,19,8,40.938,4.479,2,11,19,0,323,54.0,48.0,49.0,63.0,33.0,47.142857142857146,6.3358391032961325,50.21428571428572,46.25
2025-11-20,48,26,15,7,51.67916666666667,4.2214583333333335,3,11,20,0,324,50.0,54.0,54.0,69.0,37.0,47.285714285714285,6.395683067879542,49.285714285714285,46.85714285714285
2025-11-21,60,30,17,13,41.57666666666667,4.465166666666667,4,11,21,0,325,48.0,50.0,46.0,53.0,37.0,46.42857142857143,5.711308748355927,47.785714285714285,47.25
2025-11-22,38,17,15,6,45.22631578947368,4.234210526315789,5,11,22,1,326,60.0,48.0,36.0,40.0,30.0,48.42857142857143,7.656307701434587,48.285714285714285,48.07142857142857
2025-11-23,35,20,11,4,47.26285714285714,3.742285714285714,6,11,23,1,327,38.0,60.0,43.0,46.0,28.0,48.71428571428572,7.134757312253921,48.142857142857146,48.35714285714285
2025-11-24,61,29,19,13,41.43114754098361,3.922786885245901,0,11,24,0,328,35.0,38.0,48.0,56.0,54.0,47.57142857142857,8.676734079462928,47.35714285714285,48.60714285714285
2025-11-25,66,28,25,13,48.73030303030303,4.28969696969697,1,11,25,0,329,61.0,35.0,54.0,46.0,50.0,49.42857142857143,10.064080399406247,47.71428571428572,48.85714285714285
2025-11-26,42,19,14,9,47.647619047619045,5.304285714285714,2,11,26,0,330,66.0,61.0,50.0,49.0,38.0,51.142857142857146,11.838194843085478,49.142857142857146,49.42857142857143
2025-11-27,41,19,11,11,46.614634146341466,4.468048780487805,3,11,27,0,331,42.0,66.0,48.0,54.0,38.0,50.0,12.34233905438236,48.642857142857146,49.57142857142857
2025-11-28,32,16,9,7,43.775,4.9190625,4,11,28,0,332,41.0,42.0,60.0,46.0,46.0,49.0,12.806248474865653,47.71428571428572,49.67857142857143
2025-11-29,27,17,7,3,61.74814814814815,4.273333333333333,5,11,29,1,333,32.0,41.0,38.0,36.0,43.0,45.0,13.165611772087647,46.71428571428572,49.17857142857143
2025-11-30,36,13,14,9,43.81944444444444,4.050277777777778,6,11,30,1,334,27.0,32.0,35.0,43.0,37.0,43.42857142857143,14.706655441864209,46.07142857142857,48.60714285714285
2025-12-01,59,25,25,9,36.40677966101695,5.13084745762712,0,12,1,0,335,36.0,27.0,61.0,48.0,63.0,43.57142857142857,14.615712354142971,45.57142857142857,48.57142857142857
2025-12-02,51,24,16,11,49.57450980392157,4.047254901960784,1,12,2,0,336,59.0,36.0,66.0,54.0,58.0,43.285714285714285,14.232758993653636,46.35714285714285,48.42857142857143
2025-12-03,49,23,17,9,38.79795918367347,3.912448979591837,2,12,3,0,337,51.0,59.0,42.0,50.0,63.0,41.142857142857146,11.006491591004714,46.142857142857146,48.17857142857143
2025-12-04,46,20,15,11,37.971739130434784,5.037608695652175,3,12,4,0,338,49.0,51.0,41.0,48.0,69.0,42.142857142857146,11.40801723100282,46.07142857142857,47.67857142857143
2025-12-05,49,18,15,16,43.39795918367347,4.310408163265306,4,12,5,0,339,46.0,49.0,32.0,60.0,53.0,42.85714285714285,11.48083288831972,45.92857142857143,46.85714285714285
2025-12-06,37,20,13,4,54.12702702702703,4.728378378378378,5,12,6,1,340,49.0,46.0,27.0,38.0,40.0,45.285714285714285,10.562737740350654,45.142857142857146,46.71428571428572
2025-12-07,33,13,11,9,42.03333333333334,4.088484848484848,6,12,7,1,341,37.0,49.0,36.0,35.0,46.0,46.71428571428572,8.056349167256908,45.07142857142857,46.60714285714285
2025-12-08,45,20,15,10,41.52222222222223,3.5917777777777777,0,12,8,0,342,33.0,37.0,59.0,61.0,56.0,46.285714285714285,8.769536014223394,44.92857142857143,46.142857142857146
2025-12-09,63,26,23,14,41.34444444444444,4.6682539682539685,1,12,9,0,343,45.0,33.0,51.0,66.0,46.0,44.285714285714285,6.750661343263209,43.785714285714285,45.75
2025-12-10,42,14,21,7,33.07380952380952,4.647380952380952,2,12,10,0,344,63.0,45.0,49.0,42.0,49.0,46.0,9.64365076099292,43.57142857142857,46.35714285714285
2025-12-11,41,22,11,8,41.21219512195122,4.033658536585365,3,12,11,0,345,42.0,63.0,46.0,41.0,54.0,45.0,9.64365076099293,43.57142857142857,46.10714285714285
2025-12-12,46,14,21,11,40.05217391304348,3.96,4,12,12,0,346,41.0,42.0,49.0,32.0,46.0,44.285714285714285,9.741907508530431,43.57142857142857,45.642857142857146
2025-12-13,19,8,5,6,37.51052631578948,4.228421052631579,5,12,13,1,347,46.0,41.0,37.0,27.0,36.0,43.85714285714285,9.564318610135814,44.57142857142857,45.642857142857146
2025-12-14,48,24,18,6,41.74375,4.837083333333333,6,12,14,1,348,19.0,46.0,33.0,36.0,43.0,41.285714285714285,13.375528471980546,44.0,45.035714285714285
2025-12-15,51,25,13,13,36.20588235294117,4.495882352941177,0,12,15,0,349,48.0,19.0,45.0,59.0,48.0,43.42857142857143,13.023787760058418,44.85714285714285,45.21428571428572
2025-12-16,55,25,22,8,47.407272727272726,4.294727272727273,1,12,16,0,350,51.0,48.0,63.0,51.0,54.0,44.285714285714285,13.338094388058648,44.285714285714285,45.32142857142857
2025-12-17,40,17,12,11,40.31,3.72925,2,12,17,0,351,55.0,51.0,42.0,49.0,50.0,43.142857142857146,11.710800875382397,44.57142857142857,45.35714285714285
2025-12-18,46,19,14,13,41.71739130434783,3.616521739130435,3,12,18,0,352,40.0,55.0,41.0,46.0,48.0,42.85714285714285,11.767590682726452,43.92857142857143,45.0
2025-12-19,51,24,16,11,40.25882352941176,4.226274509803922,4,12,19,0,353,46.0,40.0,46.0,49.0,60.0,43.57142857142857,11.787806452108924,43.92857142857143,44.92857142857143
2025-12-20,42,14,18,10,36.89523809523809,4.438571428571429,5,12,20,1,354,51.0,46.0,19.0,37.0,38.0,44.285714285714285,12.106668764421874,44.07142857142857,44.60714285714285
2025-12-21,35,18,13,4,51.26285714285714,3.9128571428571424,6,12,21,1,355,42.0,51.0,48.0,33.0,35.0,47.57142857142857,5.318431562567416,44.42857142857143,44.75
2025-12-22,59,26,23,10,39.31864406779661,3.775593220338983,0,12,22,0,356,35.0,42.0,51.0,45.0,61.0,45.71428571428572,7.111359122659182,44.57142857142857,44.75
2025-12-23,53,28,20,5,44.026415094339626,4.082830188679245,1,12,23,0,357,59.0,35.0,55.0,63.0,66.0,46.85714285714285,8.591246929842196,45.57142857142857,44.67857142857143
2025-12-24,52,27,14,11,45.71153846153846,4.882499999999999,2,12,24,0,358,53.0,59.0,40.0,42.0,42.0,46.57142857142857,8.303757038376071,44.85714285714285,44.21428571428572
2025-12-25,66,26,23,17,34.75,4.257878787878788,3,12,25,0,359,52.0,53.0,46.0,41.0,41.0,48.285714285714285,7.952238379103965,45.57142857142857,44.57142857142857
2025-12-26,51,25,16,10,39.03725490196078,3.9111764705882353,4,12,26,0,360,66.0,52.0,51.0,46.0,32.0,51.142857142857146,10.253919111386402,47.35714285714285,45.46428571428572
2025-12-27,39,16,14,9,43.09487179487179,3.7076923076923074,5,12,27,1,361,51.0,66.0,42.0,19.0,27.0,51.142857142857146,10.253919111386402,47.71428571428572,46.142857142857146
2025-12-28,37,19,11,7,39.53243243243244,4.130540540540541,6,12,28,1,362,39.0,51.0,35.0,48.0,36.0,50.71428571428572,10.750415274370884,49.142857142857146,46.57142857142857
2025-12-29,53,18,25,10,40.77924528301888,3.9675471698113207,0,12,29,0,363,37.0,39.0,59.0,51.0,59.0,51.0,10.279429296739428,48.35714285714285,46.60714285714285
2025-12-30,53,25,14,14,38.73962264150943,3.797735849056604,1,12,30,0,364,53.0,37.0,53.0,55.0,51.0,50.142857142857146,9.737018219635935,48.5,46.392857142857146
2025-12-31,41,17,15,9,32.68048780487805,4.459512195121952,2,12,31,0,365,53.0,53.0,52.0,40.0,49.0,50.142857142857146,9.737018219635935,48.35714285714285,46.46428571428572
