date,occupied_beds,total_capacity,occupancy_rate_pct
2025-10-02,172,365,47.1
2025-10-03,170,365,46.6
2025-10-04,173,365,47.4
2025-10-05,161,365,44.1
2025-10-06,168,365,46.0
2025-10-07,185,365,50.7
2025-10-08,203,365,55.6
2025-10-09,192,365,52.6
2025-10-10,183,365,50.1
2025-10-11,192,365,52.6
2025-10-12,176,365,48.2
2025-10-13,161,365,44.1
2025-10-14,177,365,48.5
2025-10-15,182,365,49.9
2025-10-16,189,365,51.8
2025-10-17,182,365,49.9
2025-10-18,186,365,51.0
2025-10-19,184,365,50.4
2025-10-20,183,365,50.1
2025-10-21,199,365,54.5
2025-10-22,185,365,50.7
2025-10-23,185,365,50.7
2025-10-24,173,365,47.4
2025-10-25,185,365,50.7
2025-10-26,158,365,43.3
2025-10-27,160,365,43.8
2025-10-28,176,365,48.2
2025-10-29,167,365,45.8
2025-10-30,161,365,44.1
2025-10-31,164,365,44.9
2025-11-01,177,365,48.5
2025-11-02,176,365,48.2
2025-11-03,184,365,50.4
2025-11-04,213,365,58.4
2025-11-05,220,365,60.3
2025-11-06,226,365,61.9
2025-11-07,242,365,66.3
2025-11-08,229,365,62.7
2025-11-09,219,365,60.0
2025-11-10,226,365,61.9
2025-11-11,215,365,58.9
2025-11-12,204,365,55.9
2025-11-13,212,365,58.1
2025-11-14,195,365,53.4
2025-11-15,188,365,51.5
2025-11-16,195,365,53.4
2025-11-17,182,365,49.9
2025-11-18,195,365,53.4
2025-11-19,193,365,52.9
2025-11-20,202,365,55.3
2025-11-21,207,365,56.7
2025-11-22,208,365,57.0
2025-11-23,196,365,53.7
2025-11-24,198,365,54.2
2025-11-25,221,365,60.5
2025-11-26,225,365,61.6
2025-11-27,211,365,57.8
2025-11-28,196,365,53.7
2025-11-29,171,365,46.8
2025-11-30,157,365,43.0
2025-12-01,170,365,46.6
2025-12-02,194,365,53.2
2025-12-03,206,365,56.4
2025-12-04,214,365,58.6
2025-12-05,205,365,56.2
2025-12-06,191,365,52.3
2025-12-07,192,365,52.6
2025-12-08,181,365,49.6
2025-12-09,201,365,55.1
2025-12-10,209,365,57.3
2025-12-11,200,365,54.8
2025-12-12,196,365,53.7
2025-12-13,182,365,49.9
2025-12-14,165,365,45.2
2025-12-15,176,365,48.2
2025-12-16,200,365,54.8
2025-12-17,205,365,56.2
2025-12-18,199,365,54.5
2025-12-19,196,365,53.7
2025-12-20,194,365,53.2
2025-12-21,180,365,49.3
2025-12-22,179,365,49.0
2025-12-23,197,365,54.0
2025-12-24,209,365,57.3
2025-12-25,230,365,63.0
2025-12-26,238,365,65.2
2025-12-27,222,365,60.8
2025-12-28,204,365,55.9
2025-12-29,203,365,55.6
2025-12-30,198,365,54.2
2025-12-31,199,365,54.5
