department,code,total_beds,occupied_beds,available_beds,occupancy_pct,icu_total,icu_occupied,icu_occupancy_pct,status
General Medicine,GMED,50,38,12,76.0,5,2,40.0,Normal (Adequate)
Gastroenterology,GAST,30,21,9,70.0,5,0,0.0,Normal (Adequate)
Pediatrics,PED,35,24,11,68.6,6,0,0.0,Normal (Adequate)
Orthopedics,ORTH,40,24,16,60.0,4,0,0.0,Normal (Adequate)
Psychiatry,PSYC,25,13,12,52.0,0,0,0.0,Normal (Adequate)
Neurology,NEUR,35,18,17,51.4,8,0,0.0,Normal (Adequate)
Cardiology,CARD,45,23,22,51.1,10,2,20.0,Normal (Adequate)
Gynecology & Obstetrics,GYN,40,19,21,47.5,6,0,0.0,Normal (Adequate)
ENT,ENT,25,8,17,32.0,2,0,0.0,Normal (Adequate)
Dermatology,DERM,20,6,14,30.0,0,0,0.0,Normal (Adequate)
Ophthalmology,OPHT,20,6,14,30.0,0,0,0.0,Normal (Adequate)
