admission_id,patient_id,admission_datetime,discharge_datetime,department,admission_type,emergency_priority,waiting_time_minutes,length_of_stay_days,bed_id,hospital_unit,staff_shift,staff_on_duty,patient_age,is_synthetic,data_lineage
ADM-001001,PAT-SYN-71404,2025-01-01 12:57:00,2025-01-03 13:57:00,Dermatology,Elective,,98.8,2.05,BED-DERM-GEN-10,General Ward,Morning,12,50,True,Synthetic Reproducible Dataset (Seed 42)
ADM-001002,PAT-SYN-45662,2025-01-01 17:55:00,2025-01-06 17:55:00,Cardiology,Emergency,3.0,76.6,5.04,BED-CARD-EME-16,Emergency,Afternoon,10,74,True,Synthetic Reproducible Dataset (Seed 42)
ADM-001003,PAT-SYN-18028,2025-01-01 10:27:00,2025-01-03 08:27:00,ENT,Emergency,3.0,57.0,1.95,BED-ENT-EME-19,Emergency,Morning,16,77,True,Synthetic Reproducible Dataset (Seed 42)
ADM-001004,PAT-SYN-34134,2025-01-01 10:52:00,2025-01-04 13:52:00,Orthopedics,Elective,,28.7,3.15,BED-ORTH-SUR-02,Surgical,Morning,15,43,True,Synthetic Reproducible Dataset (Seed 42)
ADM-001005,PAT-SYN-80162,2025-01-01 11:48:00,2025-01-03 01:48:00,Ophthalmology,Emergency,3.0,74.7,1.62,BED-OPHT-EME-12,Emergency,Morning,17,59,True,Synthetic Reproducible Dataset (Seed 42)
ADM-001006,PAT-SYN-39427,2025-01-01 06:38:00,2025-01-04 21:38:00,Pediatrics,Urgent,,55.4,3.63,BED-PEDI-GEN-07,General Ward,Night,7,68,True,Synthetic Reproducible Dataset (Seed 42)
ADM-001007,PAT-SYN-78399,2025-01-01 12:46:00,2025-01-03 15:46:00,Orthopedics,Emergency,2.0,13.6,2.14,BED-ORTH-EME-01,Emergency,Morning,15,69,True,Synthetic Reproducible Dataset (Seed 42)
ADM-001008,PAT-SYN-36684,2025-01-01 10:51:00,2025-01-07 04:51:00,Neurology,Emergency,4.0,110.6,5.79,BED-NEUR-EME-24,Emergency,Morning,12,58,True,Synthetic Reproducible Dataset (Seed 42)
ADM-001009,PAT-SYN-58063,2025-01-01 13:01:00,2025-01-09 12:01:00,Gastroenterology,Emergency,2.0,27.7,7.97,BED-GAST-EME-13,Emergency,Morning,13,25,True,Synthetic Reproducible Dataset (Seed 42)
ADM-001010,PAT-SYN-70673,2025-01-01 18:33:00,2025-01-15 03:33:00,General Medicine,Emergency,3.0,50.6,13.39,BED-GENE-EME-02,Emergency,Afternoon,12,83,True,Synthetic Reproducible Dataset (Seed 42)
ADM-001011,PAT-SYN-84659,2025-01-01 19:17:00,2025-01-06 22:17:00,General Medicine,Elective,,20.7,5.15,BED-GENE-GEN-29,General Ward,Afternoon,10,68,True,Synthetic Reproducible Dataset (Seed 42)
ADM-001012,PAT-SYN-58315,2025-01-01 22:03:00,2025-01-05 12:03:00,Pediatrics,Urgent,,5.0,3.59,BED-PEDI-GEN-16,General Ward,Afternoon,13,28,True,Synthetic Reproducible Dataset (Seed 42)
ADM-001013,PAT-SYN-58899,2025-01-01 10:23:00,2025-01-03 14:23:00,Ophthalmology,Emergency,3.0,54.7,2.18,BED-OPHT-EME-11,Emergency,Morning,12,1,True,Synthetic Reproducible Dataset (Seed 42)
ADM-001014,PAT-SYN-78929,2025-01-01 14:28:00,2025-01-04 12:28:00,Orthopedics,Emergency,3.0,29.4,2.93,BED-ORTH-EME-26,Emergency,Morning,14,62,True,Synthetic Reproducible Dataset (Seed 42)
ADM-001015,PAT-SYN-21239,2025-01-01 07:55:00,2025-01-05 08:55:00,Cardiology,Emergency,2.0,8.6,4.07,BED-CARD-ICU-17,ICU,Morning,12,80,True,Synthetic Reproducible Dataset (Seed 42)
ADM-001016,PAT-SYN-10639,2025-01-01 20:53:00,2025-01-09 10:53:00,Cardiology,Elective,,13.8,7.59,BED-CARD-GEN-01,General Ward,Afternoon,11,83,True,Synthetic Reproducible Dataset (Seed 42)
ADM-001017,PAT-SYN-73847,2025-01-01 17:17:00,2025-01-04 09:17:00,Pediatrics,Emergency,4.0,102.3,2.67,BED-PEDI-EME-20,Emergency,Afternoon,13,15,True,Synthetic Reproducible Dataset (Seed 42)
ADM-001018,PAT-SYN-18325,2025-01-01 10:53:00,2025-01-04 22:53:00,General Medicine,Emergency,3.0,50.0,3.53,BED-GENE-EME-17,Emergency,Morning,12,84,True,Synthetic Reproducible Dataset (Seed 42)
ADM-001019,PAT-SYN-52338,2025-01-01 06:32:00,2025-01-08 09:32:00,Gynecology & Obstetrics,Urgent,,9.5,7.15,BED-GYNE-GEN-15,General Ward,Night,7,10,True,Synthetic Reproducible Dataset (Seed 42)
ADM-001020,PAT-SYN-53450,2025-01-01 10:14:00,2025-01-14 16:14:00,Gynecology & Obstetrics,Emergency,4.0,101.0,13.28,BED-GYNE-EME-09,Emergency,Morning,17,37,True,Synthetic Reproducible Dataset (Seed 42)
ADM-001021,PAT-SYN-23838,2025-01-01 14:18:00,2025-01-04 05:18:00,General Medicine,Emergency,3.0,51.3,2.63,BED-GENE-EME-10,Emergency,Morning,15,16,True,Synthetic Reproducible Dataset (Seed 42)
ADM-001022,PAT-SYN-78283,2025-01-01 23:56:00,2025-01-05 04:56:00,Orthopedics,Emergency,3.0,53.4,3.22,BED-ORTH-EME-02,Emergency,Night,9,37,True,Synthetic Reproducible Dataset (Seed 42)
ADM-001023,PAT-SYN-21128,2025-01-01 08:14:00,2025-01-03 09:14:00,ENT,Urgent,,5.0,2.06,BED-ENT-GEN-26,General Ward,Morning,16,73,True,Synthetic Reproducible Dataset (Seed 42)
ADM-001024,PAT-SYN-32966,2025-01-01 19:25:00,2025-01-07 22:25:00,Gynecology & Obstetrics,Elective,,31.0,6.15,BED-GYNE-GEN-06,General Ward,Afternoon,12,72,True,Synthetic Reproducible Dataset (Seed 42)
ADM-001025,PAT-SYN-68259,2025-01-01 18:51:00,2025-01-06 01:51:00,Cardiology,Emergency,1.0,5.2,4.32,BED-CARD-ICU-28,ICU,Afternoon,12,59,True,Synthetic Reproducible Dataset (Seed 42)
ADM-001026,PAT-SYN-63908,2025-01-01 10:39:00,2025-01-04 21:39:00,Orthopedics,Elective,,55.7,3.47,BED-ORTH-GEN-09,General Ward,Morning,14,20,True,Synthetic Reproducible Dataset (Seed 42)
ADM-001027,PAT-SYN-95287,2025-01-01 20:29:00,2025-01-08 02:29:00,Cardiology,Elective,,5.0,6.26,BED-CARD-GEN-29,General Ward,Afternoon,13,38,True,Synthetic Reproducible Dataset (Seed 42)
ADM-001028,PAT-SYN-99015,2025-01-01 10:23:00,2025-01-05 19:23:00,Pediatrics,Urgent,,60.6,4.4,BED-PEDI-GEN-16,General Ward,Morning,15,20,True,Synthetic Reproducible Dataset (Seed 42)
ADM-001029,PAT-SYN-33623,2025-01-01 10:16:00,2025-01-07 01:16:00,General Medicine,Emergency,3.0,66.8,5.64,BED-GENE-EME-11,Emergency,Morning,15,67,True,Synthetic Reproducible Dataset (Seed 42)
ADM-001030,PAT-SYN-43223,2025-01-01 13:52:00,2025-01-17 20:52:00,Pediatrics,Emergency,4.0,69.8,16.33,BED-PEDI-EME-28,Emergency,Morning,13,38,True,Synthetic Reproducible Dataset (Seed 42)
ADM-001031,PAT-SYN-96024,2025-01-01 22:32:00,2025-01-04 21:32:00,ENT,Emergency,3.0,47.0,2.97,BED-ENT-EME-29,Emergency,Afternoon,12,84,True,Synthetic Reproducible Dataset (Seed 42)
ADM-001032,PAT-SYN-99956,2025-01-01 13:50:00,2025-01-07 17:50:00,Cardiology,Emergency,4.0,59.5,6.17,BED-CARD-EME-21,Emergency,Morning,12,1,True,Synthetic Reproducible Dataset (Seed 42)
ADM-001033,PAT-SYN-33176,2025-01-01 07:20:00,2025-01-04 01:20:00,Pediatrics,Emergency,3.0,30.9,2.75,BED-PEDI-EME-17,Emergency,Morning,17,24,True,Synthetic Reproducible Dataset (Seed 42)
ADM-001034,PAT-SYN-82420,2025-01-01 12:27:00,2025-01-04 21:27:00,General Medicine,Elective,,5.0,3.41,BED-GENE-GEN-19,General Ward,Morning,15,38,True,Synthetic Reproducible Dataset (Seed 42)
ADM-001035,PAT-SYN-48141,2025-01-01 12:58:00,2025-01-10 20:58:00,General Medicine,Elective,,49.8,9.34,BED-GENE-GEN-08,General Ward,Morning,15,68,True,Synthetic Reproducible Dataset (Seed 42)
ADM-001036,PAT-SYN-78277,2025-01-01 14:21:00,2025-01-10 20:21:00,Cardiology,Elective,,5.0,9.27,BED-CARD-GEN-15,General Ward,Morning,16,15,True,Synthetic Reproducible Dataset (Seed 42)
ADM-001037,PAT-SYN-59774,2025-01-01 11:55:00,2025-01-03 20:55:00,Pediatrics,Emergency,5.0,142.8,2.38,BED-PEDI-EME-06,Emergency,Morning,15,18,True,Synthetic Reproducible Dataset (Seed 42)
ADM-001038,PAT-SYN-93886,2025-01-01 19:07:00,2025-01-06 17:07:00,Neurology,Urgent,,13.2,4.93,BED-NEUR-GEN-22,General Ward,Afternoon,11,9,True,Synthetic Reproducible Dataset (Seed 42)
ADM-001039,PAT-SYN-29697,2025-01-01 12:10:00,2025-01-07 07:10:00,Gynecology & Obstetrics,Emergency,3.0,63.9,5.81,BED-GYNE-EME-28,Emergency,Morning,14,91,True,Synthetic Reproducible Dataset (Seed 42)
ADM-001040,PAT-SYN-58880,2025-01-01 11:45:00,2025-01-05 08:45:00,Psychiatry,Emergency,3.0,58.0,3.88,BED-PSYC-EME-15,Emergency,Morning,14,14,True,Synthetic Reproducible Dataset (Seed 42)
ADM-001041,PAT-SYN-87800,2025-01-01 09:22:00,2025-01-03 23:22:00,General Medicine,Elective,,23.8,2.62,BED-GENE-GEN-01,General Ward,Morning,13,82,True,Synthetic Reproducible Dataset (Seed 42)
ADM-001042,PAT-SYN-75558,2025-01-01 17:22:00,2025-01-05 23:22:00,Gynecology & Obstetrics,Emergency,2.0,24.5,4.25,BED-GYNE-EME-14,Emergency,Afternoon,11,41,True,Synthetic Reproducible Dataset (Seed 42)
ADM-001043,PAT-SYN-49439,2025-01-01 11:35:00,2025-01-04 23:35:00,Gastroenterology,Urgent,,63.9,3.52,BED-GAST-GEN-15,General Ward,Morning,15,24,True,Synthetic Reproducible Dataset (Seed 42)
ADM-001044,PAT-SYN-77695,2025-01-01 12:10:00,2025-01-03 23:10:00,Gynecology & Obstetrics,Emergency,3.0,67.0,2.47,BED-GYNE-EME-14,Emergency,Morning,14,62,True,Synthetic Reproducible Dataset (Seed 42)
ADM-001045,PAT-SYN-30587,2025-01-01 03:02:00,2025-01-02 09:02:00,Ophthalmology,Elective,,50.1,1.25,BED-OPHT-GEN-22,General Ward,Night,9,58,True,Synthetic Reproducible Dataset (Seed 42)
ADM-001046,PAT-SYN-77006,2025-01-01 19:24:00,2025-01-04 18:24:00,Cardiology,Elective,,11.2,2.99,BED-CARD-GEN-01,General Ward,Afternoon,10,86,True,Synthetic Reproducible Dataset (Seed 42)
ADM-001047,PAT-SYN-45411,2025-01-01 18:57:00,2025-01-07 03:57:00,Orthopedics,Emergency,3.0,58.6,5.38,BED-ORTH-EME-26,Emergency,Afternoon,14,81,True,Synthetic Reproducible Dataset (Seed 42)
ADM-001048,PAT-SYN-24884,2025-01-01 13:01:00,2025-01-04 02:01:00,Orthopedics,Urgent,,8.4,2.57,BED-ORTH-GEN-27,General Ward,Morning,17,33,True,Synthetic Reproducible Dataset (Seed 42)
ADM-001049,PAT-SYN-21629,2025-01-01 16:02:00,2025-01-08 15:02:00,Gastroenterology,Urgent,,41.1,6.99,BED-GAST-GEN-26,General Ward,Afternoon,11,5,True,Synthetic Reproducible Dataset (Seed 42)
ADM-001050,PAT-SYN-43248,2025-01-01 09:49:00,2025-01-06 02:49:00,Orthopedics,Elective,,65.9,4.73,BED-ORTH-GEN-11,General Ward,Morning,16,7,True,Synthetic Reproducible Dataset (Seed 42)
ADM-001051,PAT-SYN-30711,2025-01-01 13:42:00,2025-01-04 15:42:00,Cardiology,Emergency,3.0,46.5,3.09,BED-CARD-EME-04,Emergency,Morning,13,50,True,Synthetic Reproducible Dataset (Seed 42)
ADM-001052,PAT-SYN-68173,2025-01-01 18:30:00,2025-01-06 00:30:00,Pediatrics,Emergency,2.0,41.7,4.29,BED-PEDI-EME-06,Emergency,Afternoon,13,62,True,Synthetic Reproducible Dataset (Seed 42)
ADM-001053,PAT-SYN-17064,2025-01-02 02:16:00,2025-01-04 13:16:00,Orthopedics,Emergency,3.0,39.4,2.46,BED-ORTH-EME-03,Emergency,Night,8,79,True,Synthetic Reproducible Dataset (Seed 42)
ADM-001054,PAT-SYN-75141,2025-01-02 09:06:00,2025-01-06 14:06:00,Neurology,Emergency,5.0,138.0,4.22,BED-NEUR-EME-23,Emergency,Morning,14,46,True,Synthetic Reproducible Dataset (Seed 42)
ADM-001055,PAT-SYN-76895,2025-01-02 21:43:00,2025-01-04 22:43:00,Cardiology,Emergency,5.0,99.2,2.07,BED-CARD-EME-06,Emergency,Afternoon,14,81,True,Synthetic Reproducible Dataset (Seed 42)
ADM-001056,PAT-SYN-59033,2025-01-02 14:06:00,2025-01-05 04:06:00,General Medicine,Elective,,14.7,2.59,BED-GENE-SUR-20,Surgical,Morning,17,16,True,Synthetic Reproducible Dataset (Seed 42)
ADM-001057,PAT-SYN-71320,2025-01-02 10:11:00,2025-01-04 09:11:00,Gynecology & Obstetrics,Elective,,10.8,1.99,BED-GYNE-GEN-29,General Ward,Morning,12,4,True,Synthetic Reproducible Dataset (Seed 42)
ADM-001058,PAT-SYN-90366,2025-01-02 18:48:00,2025-01-05 14:48:00,Cardiology,Emergency,5.0,150.2,2.86,BED-CARD-EME-28,Emergency,Afternoon,10,76,True,Synthetic Reproducible Dataset (Seed 42)
ADM-001059,PAT-SYN-67644,2025-01-02 06:58:00,2025-01-04 08:58:00,ENT,Elective,,23.6,2.12,BED-ENT-GEN-18,General Ward,Night,9,89,True,Synthetic Reproducible Dataset (Seed 42)
ADM-001060,PAT-SYN-16443,2025-01-02 17:51:00,2025-01-04 11:51:00,General Medicine,Elective,,130.6,1.76,BED-GENE-GEN-29,General Ward,Afternoon,10,71,True,Synthetic Reproducible Dataset (Seed 42)
ADM-001061,PAT-SYN-33841,2025-01-02 08:39:00,2025-01-06 20:39:00,Cardiology,Elective,,20.0,4.5,BED-CARD-GEN-09,General Ward,Morning,17,70,True,Synthetic Reproducible Dataset (Seed 42)
ADM-001062,PAT-SYN-95890,2025-01-02 12:09:00,2025-01-04 12:09:00,Psychiatry,Emergency,4.0,95.2,2.01,BED-PSYC-EME-06,Emergency,Morning,17,60,True,Synthetic Reproducible Dataset (Seed 42)
ADM-001063,PAT-SYN-41259,2025-01-02 01:28:00,2025-01-05 20:28:00,Psychiatry,Emergency,4.0,75.0,3.83,BED-PSYC-EME-20,Emergency,Night,6,54,True,Synthetic Reproducible Dataset (Seed 42)
ADM-001064,PAT-SYN-60000,2025-01-02 10:58:00,2025-01-08 18:58:00,General Medicine,Elective,,6.6,6.36,BED-GENE-SUR-24,Surgical,Morning,14,56,True,Synthetic Reproducible Dataset (Seed 42)
ADM-001065,PAT-SYN-87519,2025-01-02 08:17:00,2025-01-04 21:17:00,ENT,Elective,,5.0,2.57,BED-ENT-GEN-13,General Ward,Morning,14,43,True,Synthetic Reproducible Dataset (Seed 42)
ADM-001066,PAT-SYN-18194,2025-01-02 08:19:00,2025-01-04 13:19:00,General Medicine,Urgent,,7.7,2.21,BED-GENE-GEN-15,General Ward,Morning,15,3,True,Synthetic Reproducible Dataset (Seed 42)
ADM-001067,PAT-SYN-88404,2025-01-02 06:49:00,2025-01-06 19:49:00,Cardiology,Urgent,,28.9,4.56,BED-CARD-GEN-04,General Ward,Night,9,70,True,Synthetic Reproducible Dataset (Seed 42)
ADM-001068,PAT-SYN-35925,2025-01-02 11:03:00,2025-01-06 14:03:00,Neurology,Emergency,3.0,70.3,4.13,BED-NEUR-EME-26,Emergency,Morning,15,31,True,Synthetic Reproducible Dataset (Seed 42)
ADM-001069,PAT-SYN-57862,2025-01-02 11:53:00,2025-01-04 04:53:00,General Medicine,Urgent,,5.0,1.71,BED-GENE-GEN-24,General Ward,Morning,16,23,True,Synthetic Reproducible Dataset (Seed 42)
ADM-001070,PAT-SYN-66498,2025-01-02 15:25:00,2025-01-04 09:25:00,Psychiatry,Emergency,5.0,98.4,1.77,BED-PSYC-EME-15,Emergency,Afternoon,13,45,True,Synthetic Reproducible Dataset (Seed 42)
ADM-001071,PAT-SYN-56809,2025-01-02 12:32:00,2025-01-04 22:32:00,Orthopedics,Elective,,12.5,2.43,BED-ORTH-SUR-23,Surgical,Morning,13,56,True,Synthetic Reproducible Dataset (Seed 42)
ADM-001072,PAT-SYN-71303,2025-01-02 09:18:00,2025-01-06 22:18:00,Neurology,Elective,,5.0,4.57,BED-NEUR-GEN-20,General Ward,Morning,15,70,True,Synthetic Reproducible Dataset (Seed 42)
ADM-001073,PAT-SYN-79956,2025-01-02 11:02:00,2025-01-07 11:02:00,General Medicine,Elective,,5.0,5.02,BED-GENE-GEN-06,General Ward,Morning,16,78,True,Synthetic Reproducible Dataset (Seed 42)
ADM-001074,PAT-SYN-11924,2025-01-02 08:45:00,2025-01-04 01:45:00,Gynecology & Obstetrics,Emergency,1.0,15.3,1.73,BED-GYNE-EME-03,Emergency,Morning,16,73,True,Synthetic Reproducible Dataset (Seed 42)
ADM-001075,PAT-SYN-78019,2025-01-02 01:41:00,2025-01-05 23:41:00,Neurology,Urgent,,34.1,3.95,BED-NEUR-GEN-27,General Ward,Night,9,48,True,Synthetic Reproducible Dataset (Seed 42)
ADM-001076,PAT-SYN-18614,2025-01-02 08:20:00,2025-01-05 09:20:00,General Medicine,Emergency,2.0,22.4,3.07,BED-GENE-ICU-06,ICU,Morning,14,82,True,Synthetic Reproducible Dataset (Seed 42)
ADM-001077,PAT-SYN-48365,2025-01-02 07:34:00,2025-01-08 13:34:00,General Medicine,Urgent,,23.4,6.25,BED-GENE-GEN-27,General Ward,Morning,15,29,True,Synthetic Reproducible Dataset (Seed 42)
ADM-001078,PAT-SYN-93854,2025-01-02 16:43:00,2025-01-24 13:43:00,Orthopedics,Emergency,4.0,65.7,21.88,BED-ORTH-EME-02,Emergency,Afternoon,11,42,True,Synthetic Reproducible Dataset (Seed 42)
ADM-001079,PAT-SYN-98592,2025-01-02 10:55:00,2025-01-06 14:55:00,Neurology,Emergency,3.0,56.5,4.18,BED-NEUR-EME-25,Emergency,Morning,17,75,True,Synthetic Reproducible Dataset (Seed 42)
ADM-001080,PAT-SYN-95076,2025-01-02 18:07:00,2025-01-05 06:07:00,Gynecology & Obstetrics,Urgent,,33.5,2.54,BED-GYNE-GEN-10,General Ward,Afternoon,14,75,True,Synthetic Reproducible Dataset (Seed 42)
ADM-001081,PAT-SYN-41288,2025-01-02 10:54:00,2025-01-06 10:54:00,Gynecology & Obstetrics,Emergency,4.0,111.3,4.0,BED-GYNE-EME-01,Emergency,Morning,12,57,True,Synthetic Reproducible Dataset (Seed 42)
ADM-001082,PAT-SYN-90642,2025-01-02 11:08:00,2025-01-06 21:08:00,Cardiology,Elective,,18.7,4.44,BED-CARD-GEN-21,General Ward,Morning,16,62,True,Synthetic Reproducible Dataset (Seed 42)
ADM-001083,PAT-SYN-42282,2025-01-02 08:28:00,2025-01-15 13:28:00,Orthopedics,Urgent,,6.9,13.24,BED-ORTH-GEN-07,General Ward,Morning,16,43,True,Synthetic Reproducible Dataset (Seed 42)
ADM-001084,PAT-SYN-16830,2025-01-02 11:16:00,2025-01-05 02:16:00,Pediatrics,Emergency,3.0,62.6,2.64,BED-PEDI-EME-16,Emergency,Morning,12,58,True,Synthetic Reproducible Dataset (Seed 42)
ADM-001085,PAT-SYN-49195,2025-01-02 16:39:00,2025-01-05 11:39:00,Gastroenterology,Urgent,,10.7,2.82,BED-GAST-GEN-22,General Ward,Afternoon,10,61,True,Synthetic Reproducible Dataset (Seed 42)
ADM-001086,PAT-SYN-55851,2025-01-02 00:22:00,2025-01-16 11:22:00,Pediatrics,Elective,,9.6,14.46,BED-PEDI-GEN-02,General Ward,Night,9,59,True,Synthetic Reproducible Dataset (Seed 42)
ADM-001087,PAT-SYN-80573,2025-01-02 12:22:00,2025-01-05 11:22:00,Gynecology & Obstetrics,Elective,,23.6,2.98,BED-GYNE-GEN-21,General Ward,Morning,16,80,True,Synthetic Reproducible Dataset (Seed 42)
ADM-001088,PAT-SYN-34268,2025-01-02 10:23:00,2025-01-06 03:23:00,Neurology,Urgent,,47.3,3.72,BED-NEUR-GEN-26,General Ward,Morning,13,22,True,Synthetic Reproducible Dataset (Seed 42)
ADM-001089,PAT-SYN-57529,2025-01-02 04:13:00,2025-01-08 17:13:00,Orthopedics,Elective,,14.9,6.55,BED-ORTH-GEN-28,General Ward,Night,9,44,True,Synthetic Reproducible Dataset (Seed 42)
ADM-001090,PAT-SYN-56714,2025-01-02 12:31:00,2025-01-06 05:31:00,Dermatology,Elective,,29.9,3.74,BED-DERM-GEN-29,General Ward,Morning,16,45,True,Synthetic Reproducible Dataset (Seed 42)
ADM-001091,PAT-SYN-63972,2025-01-02 14:47:00,2025-01-05 02:47:00,Orthopedics,Urgent,,17.9,2.51,BED-ORTH-GEN-03,General Ward,Morning,12,69,True,Synthetic Reproducible Dataset (Seed 42)
ADM-001092,PAT-SYN-66314,2025-01-03 23:39:00,2025-01-08 03:39:00,Gynecology & Obstetrics,Emergency,3.0,42.4,4.2,BED-GYNE-EME-10,Emergency,Night,8,33,True,Synthetic Reproducible Dataset (Seed 42)
ADM-001093,PAT-SYN-42012,2025-01-03 09:35:00,2025-01-05 22:35:00,Pediatrics,Emergency,4.0,88.2,2.58,BED-PEDI-EME-17,Emergency,Morning,13,74,True,Synthetic Reproducible Dataset (Seed 42)
ADM-001094,PAT-SYN-64918,2025-01-03 13:35:00,2025-01-07 19:35:00,Pediatrics,Emergency,4.0,76.6,4.26,BED-PEDI-EME-14,Emergency,Morning,15,23,True,Synthetic Reproducible Dataset (Seed 42)
ADM-001095,PAT-SYN-88436,2025-01-03 17:36:00,2025-01-09 04:36:00,Cardiology,Elective,,10.0,5.48,BED-CARD-GEN-04,General Ward,Afternoon,12,47,True,Synthetic Reproducible Dataset (Seed 42)
ADM-001096,PAT-SYN-11180,2025-01-03 03:10:00,2025-01-05 17:10:00,Dermatology,Emergency,4.0,72.4,2.59,BED-DERM-EME-13,Emergency,Night,9,74,True,Synthetic Reproducible Dataset (Seed 42)
ADM-001097,PAT-SYN-22752,2025-01-03 01:02:00,2025-01-07 21:02:00,Cardiology,Emergency,3.0,33.1,4.86,BED-CARD-EME-09,Emergency,Night,6,82,True,Synthetic Reproducible Dataset (Seed 42)
ADM-001098,PAT-SYN-30524,2025-01-03 20:55:00,2025-01-09 01:55:00,General Medicine,Elective,,72.2,5.22,BED-GENE-GEN-05,General Ward,Afternoon,10,73,True,Synthetic Reproducible Dataset (Seed 42)
ADM-001099,PAT-SYN-17127,2025-01-03 13:33:00,2025-01-05 14:33:00,ENT,Emergency,4.0,75.7,2.05,BED-ENT-EME-24,Emergency,Morning,13,47,True,Synthetic Reproducible Dataset (Seed 42)
ADM-001100,PAT-SYN-33207,2025-01-03 10:30:00,2025-01-05 22:30:00,General Medicine,Emergency,3.0,55.5,2.54,BED-GENE-EME-11,Emergency,Morning,15,40,True,Synthetic Reproducible Dataset (Seed 42)
ADM-001101,PAT-SYN-11942,2025-01-03 06:49:00,2025-01-06 18:49:00,Cardiology,Emergency,3.0,46.3,3.54,BED-CARD-EME-27,Emergency,Night,9,39,True,Synthetic Reproducible Dataset (Seed 42)
ADM-001102,PAT-SYN-72640,2025-01-03 21:11:00,2025-01-07 22:11:00,ENT,Emergency,4.0,66.6,4.05,BED-ENT-EME-26,Emergency,Afternoon,12,19,True,Synthetic Reproducible Dataset (Seed 42)
ADM-001103,PAT-SYN-63672,2025-01-03 14:42:00,2025-01-07 22:42:00,Psychiatry,Elective,,27.0,4.36,BED-PSYC-GEN-17,General Ward,Morning,16,46,True,Synthetic Reproducible Dataset (Seed 42)
ADM-001104,PAT-SYN-40669,2025-01-03 18:39:00,2025-01-08 00:39:00,General Medicine,Emergency,4.0,100.9,4.28,BED-GENE-EME-14,Emergency,Afternoon,12,70,True,Synthetic Reproducible Dataset (Seed 42)
ADM-001105,PAT-SYN-17386,2025-01-03 16:23:00,2025-01-04 23:23:00,ENT,Emergency,5.0,86.8,1.32,BED-ENT-EME-08,Emergency,Afternoon,12,27,True,Synthetic Reproducible Dataset (Seed 42)
ADM-001106,PAT-SYN-35354,2025-01-03 11:57:00,2025-01-08 04:57:00,General Medicine,Elective,,18.8,4.74,BED-GENE-GEN-14,General Ward,Morning,13,17,True,Synthetic Reproducible Dataset (Seed 42)
ADM-001107,PAT-SYN-49850,2025-01-03 07:35:00,2025-01-06 11:35:00,General Medicine,Elective,,7.0,3.17,BED-GENE-GEN-04,General Ward,Morning,15,15,True,Synthetic Reproducible Dataset (Seed 42)
ADM-001108,PAT-SYN-10282,2025-01-03 16:20:00,2025-01-08 21:20:00,Gynecology & Obstetrics,Elective,,5.0,5.21,BED-GYNE-GEN-23,General Ward,Afternoon,10,20,True,Synthetic Reproducible Dataset (Seed 42)
ADM-001109,PAT-SYN-69291,2025-01-03 08:29:00,2025-01-10 00:29:00,Neurology,Elective,,5.0,6.69,BED-NEUR-GEN-18,General Ward,Morning,12,67,True,Synthetic Reproducible Dataset (Seed 42)
ADM-001110,PAT-SYN-96022,2025-01-03 14:29:00,2025-01-05 10:29:00,Neurology,Urgent,,14.0,1.84,BED-NEUR-GEN-19,General Ward,Morning,16,40,True,Synthetic Reproducible Dataset (Seed 42)
ADM-001111,PAT-SYN-26196,2025-01-03 08:19:00,2025-01-05 18:19:00,Pediatrics,Elective,,15.6,2.43,BED-PEDI-GEN-27,General Ward,Morning,15,26,True,Synthetic Reproducible Dataset (Seed 42)
ADM-001112,PAT-SYN-62783,2025-01-03 11:13:00,2025-01-05 13:13:00,Cardiology,Elective,,30.5,2.09,BED-CARD-GEN-11,General Ward,Morning,14,46,True,Synthetic Reproducible Dataset (Seed 42)
ADM-001113,PAT-SYN-89783,2025-01-03 20:22:00,2025-01-05 19:22:00,Dermatology,Elective,,5.0,1.98,BED-DERM-GEN-04,General Ward,Afternoon,10,68,True,Synthetic Reproducible Dataset (Seed 42)
ADM-001114,PAT-SYN-67408,2025-01-03 17:32:00,2025-01-05 06:32:00,ENT,Elective,,5.0,1.58,BED-ENT-GEN-14,General Ward,Afternoon,11,41,True,Synthetic Reproducible Dataset (Seed 42)
ADM-001115,PAT-SYN-39109,2025-01-03 05:53:00,2025-01-04 17:53:00,General Medicine,Emergency,3.0,46.0,1.52,BED-GENE-EME-15,Emergency,Night,7,85,True,Synthetic Reproducible Dataset (Seed 42)
ADM-001116,PAT-SYN-15191,2025-01-03 09:14:00,2025-01-06 21:14:00,Gastroenterology,Emergency,3.0,34.7,3.52,BED-GAST-EME-05,Emergency,Morning,14,30,True,Synthetic Reproducible Dataset (Seed 42)
ADM-001117,PAT-SYN-50369,2025-01-03 12:31:00,2025-01-08 17:31:00,Orthopedics,Emergency,4.0,91.8,5.21,BED-ORTH-EME-05,Emergency,Morning,13,10,True,Synthetic Reproducible Dataset (Seed 42)
ADM-001118,PAT-SYN-92276,2025-01-03 16:02:00,2025-01-05 17:02:00,Pediatrics,Emergency,5.0,97.8,2.06,BED-PEDI-EME-16,Emergency,Afternoon,11,47,True,Synthetic Reproducible Dataset (Seed 42)
ADM-001119,PAT-SYN-94181,2025-01-03 09:35:00,2025-01-08 22:35:00,Neurology,Urgent,,90.0,5.57,BED-NEUR-GEN-07,General Ward,Morning,15,68,True,Synthetic Reproducible Dataset (Seed 42)
ADM-001120,PAT-SYN-21866,2025-01-03 17:37:00,2025-01-09 09:37:00,General Medicine,Urgent,,53.3,5.7,BED-GENE-GEN-18,General Ward,Afternoon,12,3,True,Synthetic Reproducible Dataset (Seed 42)
ADM-001121,PAT-SYN-79861,2025-01-03 17:04:00,2025-01-07 23:04:00,Neurology,Emergency,3.0,51.4,4.27,BED-NEUR-EME-09,Emergency,Afternoon,11,84,True,Synthetic Reproducible Dataset (Seed 42)
ADM-001122,PAT-SYN-55933,2025-01-03 13:20:00,2025-01-06 02:20:00,General Medicine,Urgent,,18.0,2.56,BED-GENE-SUR-03,Surgical,Morning,16,20,True,Synthetic Reproducible Dataset (Seed 42)
ADM-001123,PAT-SYN-79480,2025-01-03 14:17:00,2025-01-05 15:17:00,Ophthalmology,Elective,,19.3,2.05,BED-OPHT-GEN-14,General Ward,Morning,17,62,True,Synthetic Reproducible Dataset (Seed 42)
ADM-001124,PAT-SYN-87808,2025-01-03 09:20:00,2025-01-05 18:20:00,General Medicine,Emergency,2.0,29.4,2.39,BED-GENE-ICU-07,ICU,Morning,16,69,True,Synthetic Reproducible Dataset (Seed 42)
ADM-001125,PAT-SYN-60711,2025-01-03 08:19:00,2025-01-11 04:19:00,Orthopedics,Urgent,,5.0,7.87,BED-ORTH-GEN-07,General Ward,Morning,15,40,True,Synthetic Reproducible Dataset (Seed 42)
ADM-001126,PAT-SYN-88233,2025-01-03 07:18:00,2025-01-07 06:18:00,Orthopedics,Elective,,5.0,3.96,BED-ORTH-GEN-10,General Ward,Morning,15,90,True,Synthetic Reproducible Dataset (Seed 42)
ADM-001127,PAT-SYN-16719,2025-01-03 10:24:00,2025-01-05 13:24:00,Orthopedics,Emergency,5.0,163.7,2.15,BED-ORTH-EME-13,Emergency,Morning,15,57,True,Synthetic Reproducible Dataset (Seed 42)
ADM-001128,PAT-SYN-88234,2025-01-03 07:50:00,2025-01-05 05:50:00,Pediatrics,Emergency,2.0,11.0,1.93,BED-PEDI-EME-14,Emergency,Morning,12,91,True,Synthetic Reproducible Dataset (Seed 42)
ADM-001129,PAT-SYN-18465,2025-01-03 18:16:00,2025-01-12 08:16:00,Cardiology,Emergency,4.0,98.6,8.6,BED-CARD-EME-11,Emergency,Afternoon,13,17,True,Synthetic Reproducible Dataset (Seed 42)
ADM-001130,PAT-SYN-60857,2025-01-03 04:40:00,2025-01-06 12:40:00,General Medicine,Urgent,,46.8,3.35,BED-GENE-GEN-22,General Ward,Night,6,76,True,Synthetic Reproducible Dataset (Seed 42)
ADM-001131,PAT-SYN-99904,2025-01-03 14:31:00,2025-01-08 14:31:00,Cardiology,Elective,,33.4,5.04,BED-CARD-GEN-02,General Ward,Morning,16,28,True,Synthetic Reproducible Dataset (Seed 42)
ADM-001132,PAT-SYN-63852,2025-01-03 00:16:00,2025-01-07 20:16:00,Gastroenterology,Elective,,5.0,4.86,BED-GAST-GEN-06,General Ward,Night,6,12,True,Synthetic Reproducible Dataset (Seed 42)
ADM-001133,PAT-SYN-56026,2025-01-03 12:02:00,2025-01-06 13:02:00,Cardiology,Elective,,6.8,3.06,BED-CARD-GEN-18,General Ward,Morning,15,82,True,Synthetic Reproducible Dataset (Seed 42)
ADM-001134,PAT-SYN-96734,2025-01-03 12:14:00,2025-01-06 18:14:00,Dermatology,Emergency,4.0,95.1,3.26,BED-DERM-EME-08,Emergency,Morning,14,75,True,Synthetic Reproducible Dataset (Seed 42)
ADM-001135,PAT-SYN-15264,2025-01-03 16:27:00,2025-01-08 05:27:00,Gastroenterology,Elective,,60.4,4.56,BED-GAST-GEN-21,General Ward,Afternoon,10,42,True,Synthetic Reproducible Dataset (Seed 42)
ADM-001136,PAT-SYN-82470,2025-01-03 16:27:00,2025-01-07 10:27:00,Cardiology,Urgent,,5.0,3.79,BED-CARD-GEN-15,General Ward,Afternoon,12,46,True,Synthetic Reproducible Dataset (Seed 42)
ADM-001137,PAT-SYN-86809,2025-01-03 17:48:00,2025-01-07 19:48:00,General Medicine,Elective,,5.0,4.1,BED-GENE-SUR-18,Surgical,Afternoon,11,62,True,Synthetic Reproducible Dataset (Seed 42)
ADM-001138,PAT-SYN-66826,2025-01-03 19:53:00,2025-01-06 13:53:00,General Medicine,Urgent,,7.3,2.76,BED-GENE-GEN-17,General Ward,Afternoon,11,40,True,Synthetic Reproducible Dataset (Seed 42)
ADM-001139,PAT-SYN-45395,2025-01-03 09:43:00,2025-01-07 01:43:00,Cardiology,Emergency,4.0,102.5,3.68,BED-CARD-EME-25,Emergency,Morning,15,18,True,Synthetic Reproducible Dataset (Seed 42)
ADM-001140,PAT-SYN-51361,2025-01-03 19:35:00,2025-01-08 18:35:00,Orthopedics,Emergency,3.0,57.1,4.97,BED-ORTH-EME-05,Emergency,Afternoon,12,39,True,Synthetic Reproducible Dataset (Seed 42)
ADM-001141,PAT-SYN-15857,2025-01-03 10:19:00,2025-01-05 15:19:00,Neurology,Emergency,4.0,103.4,2.23,BED-NEUR-EME-07,Emergency,Morning,14,14,True,Synthetic Reproducible Dataset (Seed 42)
ADM-001142,PAT-SYN-82185,2025-01-03 10:10:00,2025-01-06 17:10:00,Gynecology & Obstetrics,Elective,,5.0,3.33,BED-GYNE-GEN-27,General Ward,Morning,17,7,True,Synthetic Reproducible Dataset (Seed 42)
ADM-001143,PAT-SYN-79247,2025-01-03 22:01:00,2025-01-07 23:01:00,Orthopedics,Elective,,60.6,4.08,BED-ORTH-SUR-11,Surgical,Afternoon,11,58,True,Synthetic Reproducible Dataset (Seed 42)
ADM-001144,PAT-SYN-56959,2025-01-03 09:56:00,2025-01-06 22:56:00,General Medicine,Emergency,3.0,47.3,3.55,BED-GENE-EME-19,Emergency,Morning,17,50,True,Synthetic Reproducible Dataset (Seed 42)
ADM-001145,PAT-SYN-38143,2025-01-03 20:42:00,2025-01-07 01:42:00,Gynecology & Obstetrics,Emergency,4.0,106.4,3.24,BED-GYNE-EME-19,Emergency,Afternoon,14,57,True,Synthetic Reproducible Dataset (Seed 42)
ADM-001146,PAT-SYN-50669,2025-01-03 13:32:00,2025-01-07 09:32:00,General Medicine,Emergency,5.0,98.4,3.86,BED-GENE-EME-15,Emergency,Morning,12,65,True,Synthetic Reproducible Dataset (Seed 42)
ADM-001147,PAT-SYN-93992,2025-01-04 14:14:00,2025-01-06 04:14:00,General Medicine,Emergency,3.0,42.4,1.6,BED-GENE-EME-25,Emergency,Morning,14,45,True,Synthetic Reproducible Dataset (Seed 42)
ADM-001148,PAT-SYN-20776,2025-01-04 09:19:00,2025-01-07 04:19:00,Orthopedics,Urgent,,108.5,2.8,BED-ORTH-GEN-04,General Ward,Morning,16,47,True,Synthetic Reproducible Dataset (Seed 42)
ADM-001149,PAT-SYN-36542,2025-01-04 19:29:00,2025-01-07 10:29:00,Ophthalmology,Urgent,,5.0,2.63,BED-OPHT-GEN-26,General Ward,Afternoon,11,64,True,Synthetic Reproducible Dataset (Seed 42)
ADM-001150,PAT-SYN-14436,2025-01-04 01:30:00,2025-01-05 14:30:00,Orthopedics,Urgent,,25.7,1.58,BED-ORTH-GEN-25,General Ward,Night,6,52,True,Synthetic Reproducible Dataset (Seed 42)
ADM-001151,PAT-SYN-69563,2025-01-04 20:23:00,2025-01-08 01:23:00,Gastroenterology,Elective,,18.9,3.23,BED-GAST-GEN-06,General Ward,Afternoon,14,48,True,Synthetic Reproducible Dataset (Seed 42)
ADM-001152,PAT-SYN-19367,2025-01-04 20:54:00,2025-01-07 04:54:00,General Medicine,Urgent,,18.3,2.34,BED-GENE-GEN-03,General Ward,Afternoon,13,76,True,Synthetic Reproducible Dataset (Seed 42)
ADM-001153,PAT-SYN-60499,2025-01-04 19:53:00,2025-01-11 06:53:00,General Medicine,Elective,,55.9,6.46,BED-GENE-GEN-15,General Ward,Afternoon,10,89,True,Synthetic Reproducible Dataset (Seed 42)
ADM-001154,PAT-SYN-88000,2025-01-04 10:18:00,2025-01-06 00:18:00,Dermatology,Emergency,5.0,154.6,1.59,BED-DERM-EME-27,Emergency,Morning,17,19,True,Synthetic Reproducible Dataset (Seed 42)
ADM-001155,PAT-SYN-68929,2025-01-04 17:53:00,2025-01-09 20:53:00,Cardiology,Emergency,2.0,22.3,5.15,BED-CARD-ICU-27,ICU,Afternoon,12,5,True,Synthetic Reproducible Dataset (Seed 42)
ADM-001156,PAT-SYN-20714,2025-01-04 12:13:00,2025-01-08 13:13:00,Cardiology,Urgent,,94.6,4.07,BED-CARD-GEN-27,General Ward,Morning,12,56,True,Synthetic Reproducible Dataset (Seed 42)
ADM-001157,PAT-SYN-83591,2025-01-04 12:40:00,2025-01-06 13:40:00,Dermatology,Urgent,,5.0,2.05,BED-DERM-GEN-13,General Ward,Morning,13,74,True,Synthetic Reproducible Dataset (Seed 42)
ADM-001158,PAT-SYN-62225,2025-01-04 22:54:00,2025-01-07 00:54:00,General Medicine,Emergency,4.0,74.2,2.12,BED-GENE-EME-25,Emergency,Afternoon,10,60,True,Synthetic Reproducible Dataset (Seed 42)
ADM-001159,PAT-SYN-33582,2025-01-04 10:13:00,2025-01-08 08:13:00,General Medicine,Urgent,,23.0,3.94,BED-GENE-SUR-05,Surgical,Morning,12,73,True,Synthetic Reproducible Dataset (Seed 42)
ADM-001160,PAT-SYN-96775,2025-01-04 10:54:00,2025-01-09 23:54:00,General Medicine,Elective,,5.0,5.55,BED-GENE-SUR-24,Surgical,Morning,12,28,True,Synthetic Reproducible Dataset (Seed 42)
ADM-001161,PAT-SYN-15972,2025-01-04 08:54:00,2025-01-08 17:54:00,Gastroenterology,Emergency,5.0,93.8,4.4,BED-GAST-EME-11,Emergency,Morning,15,54,True,Synthetic Reproducible Dataset (Seed 42)
ADM-001162,PAT-SYN-99409,2025-01-04 12:46:00,2025-01-07 09:46:00,Psychiatry,Emergency,3.0,73.3,2.88,BED-PSYC-EME-20,Emergency,Morning,15,33,True,Synthetic Reproducible Dataset (Seed 42)
ADM-001163,PAT-SYN-99480,2025-01-04 22:57:00,2025-01-07 18:57:00,General Medicine,Urgent,,31.7,2.84,BED-GENE-SUR-15,Surgical,Afternoon,12,40,True,Synthetic Reproducible Dataset (Seed 42)
ADM-001164,PAT-SYN-97066,2025-01-04 15:40:00,2025-01-12 08:40:00,Neurology,Elective,,66.4,7.73,BED-NEUR-GEN-11,General Ward,Afternoon,10,45,True,Synthetic Reproducible Dataset (Seed 42)
ADM-001165,PAT-SYN-78547,2025-01-04 11:52:00,2025-01-09 09:52:00,Cardiology,Emergency,4.0,106.7,4.92,BED-CARD-EME-14,Emergency,Morning,13,3,True,Synthetic Reproducible Dataset (Seed 42)
ADM-001166,PAT-SYN-41056,2025-01-04 12:42:00,2025-01-08 22:42:00,Gynecology & Obstetrics,Emergency,3.0,53.3,4.45,BED-GYNE-EME-26,Emergency,Morning,13,61,True,Synthetic Reproducible Dataset (Seed 42)
ADM-001167,PAT-SYN-90502,2025-01-04 19:24:00,2025-01-11 12:24:00,General Medicine,Emergency,4.0,118.0,6.72,BED-GENE-EME-05,Emergency,Afternoon,13,55,True,Synthetic Reproducible Dataset (Seed 42)
ADM-001168,PAT-SYN-61220,2025-01-04 14:11:00,2025-01-08 08:11:00,Cardiology,Urgent,,9.8,3.75,BED-CARD-GEN-05,General Ward,Morning,14,48,True,Synthetic Reproducible Dataset (Seed 42)
ADM-001169,PAT-SYN-22198,2025-01-04 16:57:00,2025-01-06 16:57:00,General Medicine,Urgent,,5.0,2.03,BED-GENE-GEN-09,General Ward,Afternoon,13,66,True,Synthetic Reproducible Dataset (Seed 42)
ADM-001170,PAT-SYN-43236,2025-01-04 08:57:00,2025-01-05 08:57:00,Orthopedics,Urgent,,10.0,1.03,BED-ORTH-GEN-25,General Ward,Morning,12,88,True,Synthetic Reproducible Dataset (Seed 42)
ADM-001171,PAT-SYN-92421,2025-01-04 13:17:00,2025-01-05 23:17:00,Gynecology & Obstetrics,Emergency,2.0,22.6,1.44,BED-GYNE-EME-02,Emergency,Morning,15,24,True,Synthetic Reproducible Dataset (Seed 42)
ADM-001172,PAT-SYN-30199,2025-01-04 07:26:00,2025-01-06 03:26:00,General Medicine,Elective,,49.5,1.87,BED-GENE-SUR-23,Surgical,Morning,17,62,True,Synthetic Reproducible Dataset (Seed 42)
ADM-001173,PAT-SYN-71808,2025-01-04 18:34:00,2025-01-13 07:34:00,Cardiology,Urgent,,62.8,8.57,BED-CARD-GEN-29,General Ward,Afternoon,13,29,True,Synthetic Reproducible Dataset (Seed 42)
ADM-001174,PAT-SYN-45400,2025-01-04 08:17:00,2025-01-06 04:17:00,ENT,Emergency,4.0,75.9,1.87,BED-ENT-EME-28,Emergency,Morning,12,27,True,Synthetic Reproducible Dataset (Seed 42)
ADM-001175,PAT-SYN-54611,2025-01-04 12:40:00,2025-01-08 04:40:00,Gastroenterology,Emergency,2.0,29.2,3.7,BED-GAST-EME-22,Emergency,Morning,13,30,True,Synthetic Reproducible Dataset (Seed 42)
ADM-001176,PAT-SYN-95086,2025-01-04 08:28:00,2025-01-11 22:28:00,Gynecology & Obstetrics,Emergency,3.0,36.1,7.62,BED-GYNE-EME-29,Emergency,Morning,17,56,True,Synthetic Reproducible Dataset (Seed 42)
ADM-001177,PAT-SYN-43692,2025-01-04 15:26:00,2025-01-10 12:26:00,Gynecology & Obstetrics,Elective,,46.7,5.89,BED-GYNE-GEN-26,General Ward,Afternoon,12,37,True,Synthetic Reproducible Dataset (Seed 42)
ADM-001178,PAT-SYN-79222,2025-01-04 18:01:00,2025-01-07 15:01:00,ENT,Emergency,2.0,21.4,2.88,BED-ENT-EME-03,Emergency,Afternoon,14,63,True,Synthetic Reproducible Dataset (Seed 42)
ADM-001179,PAT-SYN-19175,2025-01-04 08:49:00,2025-01-08 23:49:00,Cardiology,Emergency,4.0,77.0,4.65,BED-CARD-EME-01,Emergency,Morning,14,88,True,Synthetic Reproducible Dataset (Seed 42)
ADM-001180,PAT-SYN-61380,2025-01-04 15:46:00,2025-01-07 21:46:00,Pediatrics,Urgent,,36.7,3.27,BED-PEDI-GEN-19,General Ward,Afternoon,14,62,True,Synthetic Reproducible Dataset (Seed 42)
ADM-001181,PAT-SYN-76453,2025-01-04 17:59:00,2025-01-07 07:59:00,Gynecology & Obstetrics,Emergency,4.0,106.0,2.61,BED-GYNE-EME-25,Emergency,Afternoon,10,26,True,Synthetic Reproducible Dataset (Seed 42)
ADM-001182,PAT-SYN-40604,2025-01-04 10:06:00,2025-01-10 17:06:00,General Medicine,Emergency,5.0,151.3,6.3,BED-GENE-EME-20,Emergency,Morning,16,89,True,Synthetic Reproducible Dataset (Seed 42)
ADM-001183,PAT-SYN-62734,2025-01-04 10:48:00,2025-01-07 19:48:00,Pediatrics,Emergency,4.0,107.1,3.39,BED-PEDI-EME-16,Emergency,Morning,15,70,True,Synthetic Reproducible Dataset (Seed 42)
ADM-001184,PAT-SYN-78031,2025-01-04 19:58:00,2025-01-20 01:58:00,Pediatrics,Urgent,,15.7,15.26,BED-PEDI-GEN-19,General Ward,Afternoon,14,69,True,Synthetic Reproducible Dataset (Seed 42)
ADM-001185,PAT-SYN-29283,2025-01-04 19:40:00,2025-01-08 16:40:00,Gynecology & Obstetrics,Emergency,3.0,60.6,3.89,BED-GYNE-EME-20,Emergency,Afternoon,13,18,True,Synthetic Reproducible Dataset (Seed 42)
ADM-001186,PAT-SYN-39891,2025-01-04 09:47:00,2025-01-11 09:47:00,General Medicine,Emergency,3.0,64.7,7.01,BED-GENE-EME-23,Emergency,Morning,13,51,True,Synthetic Reproducible Dataset (Seed 42)
ADM-001187,PAT-SYN-18116,2025-01-04 12:01:00,2025-01-07 02:01:00,Psychiatry,Elective,,6.1,2.59,BED-PSYC-GEN-26,General Ward,Morning,16,41,True,Synthetic Reproducible Dataset (Seed 42)
ADM-001188,PAT-SYN-22940,2025-01-04 12:54:00,2025-01-08 23:54:00,Orthopedics,Elective,,18.4,4.49,BED-ORTH-GEN-03,General Ward,Morning,17,17,True,Synthetic Reproducible Dataset (Seed 42)
ADM-001189,PAT-SYN-84188,2025-01-04 09:09:00,2025-01-08 01:09:00,General Medicine,Emergency,3.0,72.8,3.69,BED-GENE-EME-25,Emergency,Morning,12,55,True,Synthetic Reproducible Dataset (Seed 42)
ADM-001190,PAT-SYN-18994,2025-01-04 10:47:00,2025-01-08 16:47:00,Orthopedics,Emergency,2.0,17.9,4.25,BED-ORTH-EME-26,Emergency,Morning,16,15,True,Synthetic Reproducible Dataset (Seed 42)
ADM-001191,PAT-SYN-81966,2025-01-04 10:27:00,2025-01-09 04:27:00,Gynecology & Obstetrics,Emergency,3.0,66.0,4.78,BED-GYNE-EME-21,Emergency,Morning,16,63,True,Synthetic Reproducible Dataset (Seed 42)
ADM-001192,PAT-SYN-92223,2025-01-04 10:58:00,2025-01-08 04:58:00,Orthopedics,Urgent,,10.3,3.78,BED-ORTH-GEN-02,General Ward,Morning,15,90,True,Synthetic Reproducible Dataset (Seed 42)
ADM-001193,PAT-SYN-36980,2025-01-04 09:24:00,2025-01-07 05:24:00,Ophthalmology,Elective,,9.8,2.87,BED-OPHT-GEN-12,General Ward,Morning,17,44,True,Synthetic Reproducible Dataset (Seed 42)
ADM-001194,PAT-SYN-32017,2025-01-04 12:02:00,2025-01-09 00:02:00,Cardiology,Urgent,,123.5,4.52,BED-CARD-GEN-10,General Ward,Morning,16,41,True,Synthetic Reproducible Dataset (Seed 42)
ADM-001195,PAT-SYN-86056,2025-01-04 16:09:00,2025-01-07 16:09:00,Orthopedics,Emergency,3.0,43.3,3.0,BED-ORTH-EME-19,Emergency,Afternoon,13,43,True,Synthetic Reproducible Dataset (Seed 42)
ADM-001196,PAT-SYN-85794,2025-01-04 19:30:00,2025-01-15 23:30:00,Gastroenterology,Elective,,33.9,11.18,BED-GAST-GEN-03,General Ward,Afternoon,14,17,True,Synthetic Reproducible Dataset (Seed 42)
ADM-001197,PAT-SYN-14956,2025-01-04 12:13:00,2025-01-08 16:13:00,Psychiatry,Urgent,,5.0,4.19,BED-PSYC-GEN-07,General Ward,Morning,13,55,True,Synthetic Reproducible Dataset (Seed 42)
ADM-001198,PAT-SYN-70404,2025-01-04 00:22:00,2025-01-07 02:22:00,Orthopedics,Elective,,46.0,3.11,BED-ORTH-SUR-29,Surgical,Night,6,66,True,Synthetic Reproducible Dataset (Seed 42)
ADM-001199,PAT-SYN-18187,2025-01-05 22:42:00,2025-01-10 00:42:00,Orthopedics,Emergency,3.0,49.1,4.1,BED-ORTH-EME-27,Emergency,Afternoon,11,40,True,Synthetic Reproducible Dataset (Seed 42)
ADM-001200,PAT-SYN-72023,2025-01-05 06:55:00,2025-01-08 07:55:00,General Medicine,Elective,,48.0,3.06,BED-GENE-GEN-16,General Ward,Night,9,59,True,Synthetic Reproducible Dataset (Seed 42)
ADM-001201,PAT-SYN-98995,2025-01-05 00:52:00,2025-01-09 12:52:00,Gastroenterology,Emergency,2.0,7.3,4.51,BED-GAST-EME-06,Emergency,Night,6,26,True,Synthetic Reproducible Dataset (Seed 42)
ADM-001202,PAT-SYN-65614,2025-01-05 21:15:00,2025-01-09 14:15:00,Neurology,Emergency,2.0,24.7,3.73,BED-NEUR-ICU-13,ICU,Afternoon,12,47,True,Synthetic Reproducible Dataset (Seed 42)
ADM-001203,PAT-SYN-35291,2025-01-05 11:58:00,2025-01-07 23:58:00,General Medicine,Emergency,3.0,59.2,2.52,BED-GENE-EME-02,Emergency,Morning,12,69,True,Synthetic Reproducible Dataset (Seed 42)
ADM-001204,PAT-SYN-90730,2025-01-05 06:59:00,2025-01-10 01:59:00,Pediatrics,Urgent,,5.0,4.81,BED-PEDI-GEN-17,General Ward,Night,6,48,True,Synthetic Reproducible Dataset (Seed 42)
ADM-001205,PAT-SYN-53800,2025-01-05 00:55:00,2025-01-12 01:55:00,Orthopedics,Emergency,4.0,77.2,7.05,BED-ORTH-EME-11,Emergency,Night,6,9,True,Synthetic Reproducible Dataset (Seed 42)
ADM-001206,PAT-SYN-72843,2025-01-05 04:14:00,2025-01-09 09:14:00,Cardiology,Urgent,,7.5,4.23,BED-CARD-GEN-23,General Ward,Night,8,26,True,Synthetic Reproducible Dataset (Seed 42)
ADM-001207,PAT-SYN-75676,2025-01-05 19:20:00,2025-01-08 01:20:00,Orthopedics,Elective,,11.7,2.29,BED-ORTH-GEN-12,General Ward,Afternoon,12,68,True,Synthetic Reproducible Dataset (Seed 42)
ADM-001208,PAT-SYN-30438,2025-01-05 14:59:00,2025-01-08 03:59:00,Dermatology,Elective,,23.3,2.58,BED-DERM-GEN-19,General Ward,Morning,13,23,True,Synthetic Reproducible Dataset (Seed 42)
ADM-001209,PAT-SYN-82742,2025-01-05 07:36:00,2025-01-08 12:36:00,Pediatrics,Emergency,5.0,124.9,3.22,BED-PEDI-EME-12,Emergency,Morning,12,47,True,Synthetic Reproducible Dataset (Seed 42)
ADM-001210,PAT-SYN-58268,2025-01-05 11:52:00,2025-01-08 05:52:00,General Medicine,Urgent,,17.5,2.75,BED-GENE-SUR-12,Surgical,Morning,14,13,True,Synthetic Reproducible Dataset (Seed 42)
ADM-001211,PAT-SYN-82550,2025-01-05 14:37:00,2025-01-10 18:37:00,General Medicine,Emergency,4.0,74.7,5.2,BED-GENE-EME-17,Emergency,Morning,15,7,True,Synthetic Reproducible Dataset (Seed 42)
ADM-001212,PAT-SYN-28248,2025-01-05 09:47:00,2025-01-07 13:47:00,Orthopedics,Urgent,,5.0,2.17,BED-ORTH-SUR-28,Surgical,Morning,14,30,True,Synthetic Reproducible Dataset (Seed 42)
ADM-001213,PAT-SYN-49658,2025-01-05 00:44:00,2025-01-10 02:44:00,General Medicine,Elective,,13.5,5.12,BED-GENE-GEN-19,General Ward,Night,6,17,True,Synthetic Reproducible Dataset (Seed 42)
ADM-001214,PAT-SYN-23037,2025-01-05 05:17:00,2025-01-09 01:17:00,Cardiology,Elective,,5.0,3.84,BED-CARD-GEN-16,General Ward,Night,6,12,True,Synthetic Reproducible Dataset (Seed 42)
ADM-001215,PAT-SYN-54071,2025-01-05 17:16:00,2025-01-09 11:16:00,Cardiology,Emergency,4.0,109.5,3.77,BED-CARD-EME-18,Emergency,Afternoon,12,20,True,Synthetic Reproducible Dataset (Seed 42)
ADM-001216,PAT-SYN-63277,2025-01-05 20:18:00,2025-01-10 20:18:00,Gynecology & Obstetrics,Elective,,5.0,5.02,BED-GYNE-GEN-24,General Ward,Afternoon,10,58,True,Synthetic Reproducible Dataset (Seed 42)
ADM-001217,PAT-SYN-39008,2025-01-05 11:19:00,2025-01-07 09:19:00,General Medicine,Elective,,20.5,1.95,BED-GENE-SUR-11,Surgical,Morning,15,1,True,Synthetic Reproducible Dataset (Seed 42)
ADM-001218,PAT-SYN-72011,2025-01-05 08:37:00,2025-01-08 00:37:00,General Medicine,Urgent,,26.2,2.69,BED-GENE-GEN-03,General Ward,Morning,17,85,True,Synthetic Reproducible Dataset (Seed 42)
ADM-001219,PAT-SYN-13820,2025-01-05 14:23:00,2025-01-07 20:23:00,ENT,Elective,,5.0,2.25,BED-ENT-GEN-17,General Ward,Morning,15,73,True,Synthetic Reproducible Dataset (Seed 42)
ADM-001220,PAT-SYN-10251,2025-01-05 07:55:00,2025-01-06 19:55:00,General Medicine,Elective,,15.9,1.53,BED-GENE-SUR-09,Surgical,Morning,13,64,True,Synthetic Reproducible Dataset (Seed 42)
ADM-001221,PAT-SYN-15970,2025-01-05 07:32:00,2025-01-09 07:32:00,General Medicine,Emergency,3.0,38.8,4.03,BED-GENE-EME-07,Emergency,Morning,15,22,True,Synthetic Reproducible Dataset (Seed 42)
ADM-001222,PAT-SYN-66193,2025-01-05 15:31:00,2025-01-08 14:31:00,Dermatology,Elective,,21.3,2.99,BED-DERM-GEN-20,General Ward,Afternoon,11,89,True,Synthetic Reproducible Dataset (Seed 42)
ADM-001223,PAT-SYN-53304,2025-01-05 19:55:00,2025-01-11 05:55:00,General Medicine,Emergency,3.0,63.2,5.45,BED-GENE-EME-07,Emergency,Afternoon,12,74,True,Synthetic Reproducible Dataset (Seed 42)
ADM-001224,PAT-SYN-50766,2025-01-05 04:31:00,2025-01-07 18:31:00,General Medicine,Elective,,13.6,2.59,BED-GENE-GEN-27,General Ward,Night,9,50,True,Synthetic Reproducible Dataset (Seed 42)
ADM-001225,PAT-SYN-22128,2025-01-05 07:11:00,2025-01-09 21:11:00,General Medicine,Elective,,22.8,4.62,BED-GENE-GEN-25,General Ward,Morning,14,79,True,Synthetic Reproducible Dataset (Seed 42)
ADM-001226,PAT-SYN-41122,2025-01-05 11:56:00,2025-01-07 13:56:00,General Medicine,Urgent,,20.2,2.12,BED-GENE-GEN-28,General Ward,Morning,14,61,True,Synthetic Reproducible Dataset (Seed 42)
ADM-001227,PAT-SYN-95876,2025-01-05 17:29:00,2025-01-09 05:29:00,Orthopedics,Elective,,97.3,3.52,BED-ORTH-GEN-20,General Ward,Afternoon,13,39,True,Synthetic Reproducible Dataset (Seed 42)
ADM-001228,PAT-SYN-15959,2025-01-05 10:58:00,2025-01-09 09:58:00,Neurology,Emergency,5.0,142.0,3.99,BED-NEUR-EME-22,Emergency,Morning,12,43,True,Synthetic Reproducible Dataset (Seed 42)
ADM-001229,PAT-SYN-72666,2025-01-05 14:13:00,2025-01-07 20:13:00,General Medicine,Elective,,5.0,2.26,BED-GENE-GEN-15,General Ward,Morning,17,35,True,Synthetic Reproducible Dataset (Seed 42)
ADM-001230,PAT-SYN-28000,2025-01-05 19:30:00,2025-01-12 14:30:00,Orthopedics,Urgent,,10.3,6.82,BED-ORTH-GEN-10,General Ward,Afternoon,13,71,True,Synthetic Reproducible Dataset (Seed 42)
ADM-001231,PAT-SYN-45124,2025-01-05 11:51:00,2025-01-13 11:51:00,Gastroenterology,Elective,,8.3,8.01,BED-GAST-GEN-26,General Ward,Morning,14,11,True,Synthetic Reproducible Dataset (Seed 42)
ADM-001232,PAT-SYN-20330,2025-01-05 17:41:00,2025-01-14 08:41:00,Neurology,Emergency,2.0,7.2,8.63,BED-NEUR-ICU-02,ICU,Afternoon,12,10,True,Synthetic Reproducible Dataset (Seed 42)
ADM-001233,PAT-SYN-32025,2025-01-05 19:46:00,2025-01-10 00:46:00,Cardiology,Elective,,33.5,4.23,BED-CARD-GEN-08,General Ward,Afternoon,10,47,True,Synthetic Reproducible Dataset (Seed 42)
ADM-001234,PAT-SYN-68782,2025-01-05 21:06:00,2025-01-08 15:06:00,Ophthalmology,Emergency,4.0,56.7,2.77,BED-OPHT-EME-12,Emergency,Afternoon,13,26,True,Synthetic Reproducible Dataset (Seed 42)
ADM-001235,PAT-SYN-89806,2025-01-05 10:38:00,2025-01-13 04:38:00,Gynecology & Obstetrics,Elective,,10.7,7.79,BED-GYNE-GEN-09,General Ward,Morning,16,28,True,Synthetic Reproducible Dataset (Seed 42)
ADM-001236,PAT-SYN-48816,2025-01-05 14:00:00,2025-01-09 13:00:00,Neurology,Emergency,2.0,16.7,3.97,BED-NEUR-ICU-01,ICU,Morning,12,58,True,Synthetic Reproducible Dataset (Seed 42)
ADM-001237,PAT-SYN-72397,2025-01-05 10:12:00,2025-01-07 20:12:00,Pediatrics,Emergency,3.0,66.3,2.44,BED-PEDI-EME-19,Emergency,Morning,14,21,True,Synthetic Reproducible Dataset (Seed 42)
ADM-001238,PAT-SYN-96972,2025-01-05 17:09:00,2025-01-13 07:09:00,Pediatrics,Elective,,36.0,7.59,BED-PEDI-GEN-29,General Ward,Afternoon,13,21,True,Synthetic Reproducible Dataset (Seed 42)
ADM-001239,PAT-SYN-38849,2025-01-05 10:13:00,2025-01-07 05:13:00,Ophthalmology,Emergency,3.0,75.6,1.8,BED-OPHT-EME-12,Emergency,Morning,15,62,True,Synthetic Reproducible Dataset (Seed 42)
ADM-001240,PAT-SYN-17709,2025-01-05 11:51:00,2025-01-09 23:51:00,Orthopedics,Elective,,61.0,4.51,BED-ORTH-GEN-21,General Ward,Morning,12,58,True,Synthetic Reproducible Dataset (Seed 42)
ADM-001241,PAT-SYN-59080,2025-01-05 10:57:00,2025-01-07 17:57:00,General Medicine,Emergency,3.0,58.1,2.32,BED-GENE-EME-05,Emergency,Morning,14,41,True,Synthetic Reproducible Dataset (Seed 42)
ADM-001242,PAT-SYN-46227,2025-01-05 09:38:00,2025-01-11 03:38:00,Cardiology,Elective,,5.0,5.79,BED-CARD-GEN-16,General Ward,Morning,14,18,True,Synthetic Reproducible Dataset (Seed 42)
ADM-001243,PAT-SYN-47169,2025-01-05 16:11:00,2025-01-08 14:11:00,Cardiology,Urgent,,38.9,2.94,BED-CARD-GEN-25,General Ward,Afternoon,14,48,True,Synthetic Reproducible Dataset (Seed 42)
ADM-001244,PAT-SYN-63076,2025-01-05 09:02:00,2025-01-12 22:02:00,Gastroenterology,Elective,,36.3,7.55,BED-GAST-GEN-01,General Ward,Morning,17,23,True,Synthetic Reproducible Dataset (Seed 42)
ADM-001245,PAT-SYN-87764,2025-01-05 14:05:00,2025-01-08 02:05:00,Cardiology,Emergency,4.0,56.2,2.53,BED-CARD-EME-21,Emergency,Morning,16,28,True,Synthetic Reproducible Dataset (Seed 42)
ADM-001246,PAT-SYN-43163,2025-01-06 00:16:00,2025-01-08 01:16:00,Psychiatry,Urgent,,53.0,2.06,BED-PSYC-GEN-23,General Ward,Night,8,29,True,Synthetic Reproducible Dataset (Seed 42)
ADM-001247,PAT-SYN-77097,2025-01-06 09:51:00,2025-01-09 18:51:00,Neurology,Emergency,4.0,78.3,3.41,BED-NEUR-EME-10,Emergency,Morning,17,81,True,Synthetic Reproducible Dataset (Seed 42)
ADM-001248,PAT-SYN-35598,2025-01-06 09:28:00,2025-01-07 22:28:00,Dermatology,Elective,,8.8,1.58,BED-DERM-GEN-21,General Ward,Morning,14,81,True,Synthetic Reproducible Dataset (Seed 42)
ADM-001249,PAT-SYN-17150,2025-01-06 09:13:00,2025-01-09 07:13:00,Orthopedics,Elective,,27.6,2.93,BED-ORTH-GEN-01,General Ward,Morning,16,36,True,Synthetic Reproducible Dataset (Seed 42)
ADM-001250,PAT-SYN-12110,2025-01-06 11:49:00,2025-01-08 11:49:00,Dermatology,Urgent,,5.0,2.02,BED-DERM-GEN-06,General Ward,Morning,15,11,True,Synthetic Reproducible Dataset (Seed 42)
ADM-001251,PAT-SYN-67560,2025-01-06 11:23:00,2025-01-07 23:23:00,ENT,Emergency,3.0,57.8,1.51,BED-ENT-EME-01,Emergency,Morning,16,30,True,Synthetic Reproducible Dataset (Seed 42)
ADM-001252,PAT-SYN-87225,2025-01-06 07:07:00,2025-01-15 13:07:00,Neurology,Urgent,,17.6,9.25,BED-NEUR-GEN-05,General Ward,Morning,14,61,True,Synthetic Reproducible Dataset (Seed 42)
ADM-001253,PAT-SYN-85414,2025-01-06 15:29:00,2025-01-08 20:29:00,Dermatology,Emergency,5.0,96.5,2.21,BED-DERM-EME-29,Emergency,Afternoon,11,51,True,Synthetic Reproducible Dataset (Seed 42)
ADM-001254,PAT-SYN-93910,2025-01-06 04:16:00,2025-01-09 08:16:00,Cardiology,Elective,,73.6,3.17,BED-CARD-GEN-23,General Ward,Night,8,31,True,Synthetic Reproducible Dataset (Seed 42)
ADM-001255,PAT-SYN-93740,2025-01-06 16:34:00,2025-01-11 07:34:00,Cardiology,Emergency,3.0,35.4,4.66,BED-CARD-EME-21,Emergency,Afternoon,10,62,True,Synthetic Reproducible Dataset (Seed 42)
ADM-001256,PAT-SYN-49865,2025-01-06 08:02:00,2025-01-07 11:02:00,Psychiatry,Elective,,10.2,1.13,BED-PSYC-GEN-23,General Ward,Morning,15,58,True,Synthetic Reproducible Dataset (Seed 42)
ADM-001257,PAT-SYN-95156,2025-01-06 18:08:00,2025-01-09 15:08:00,Gastroenterology,Elective,,24.1,2.88,BED-GAST-GEN-06,General Ward,Afternoon,14,43,True,Synthetic Reproducible Dataset (Seed 42)
ADM-001258,PAT-SYN-19093,2025-01-06 07:04:00,2025-01-09 06:04:00,General Medicine,Emergency,3.0,35.2,2.97,BED-GENE-EME-14,Emergency,Morning,12,85,True,Synthetic Reproducible Dataset (Seed 42)
ADM-001259,PAT-SYN-92916,2025-01-06 09:05:00,2025-01-12 08:05:00,Gynecology & Obstetrics,Emergency,3.0,64.3,5.99,BED-GYNE-EME-26,Emergency,Morning,15,26,True,Synthetic Reproducible Dataset (Seed 42)
ADM-001260,PAT-SYN-56904,2025-01-06 10:23:00,2025-01-13 00:23:00,Gynecology & Obstetrics,Emergency,2.0,20.5,6.59,BED-GYNE-EME-24,Emergency,Morning,14,60,True,Synthetic Reproducible Dataset (Seed 42)
ADM-001261,PAT-SYN-73666,2025-01-06 02:28:00,2025-01-09 22:28:00,Pediatrics,Emergency,4.0,57.5,3.86,BED-PEDI-EME-19,Emergency,Night,7,59,True,Synthetic Reproducible Dataset (Seed 42)
ADM-001262,PAT-SYN-88500,2025-01-06 10:35:00,2025-01-11 22:35:00,Cardiology,Emergency,5.0,152.0,5.53,BED-CARD-EME-18,Emergency,Morning,15,67,True,Synthetic Reproducible Dataset (Seed 42)
ADM-001263,PAT-SYN-47755,2025-01-06 09:27:00,2025-01-11 22:27:00,General Medicine,Elective,,49.2,5.56,BED-GENE-SUR-10,Surgical,Morning,14,26,True,Synthetic Reproducible Dataset (Seed 42)
ADM-001264,PAT-SYN-92170,2025-01-06 16:24:00,2025-01-09 08:24:00,Gynecology & Obstetrics,Elective,,21.6,2.69,BED-GYNE-GEN-13,General Ward,Afternoon,14,72,True,Synthetic Reproducible Dataset (Seed 42)
ADM-001265,PAT-SYN-94653,2025-01-06 19:04:00,2025-01-09 08:04:00,Ophthalmology,Elective,,5.0,2.55,BED-OPHT-GEN-08,General Ward,Afternoon,13,78,True,Synthetic Reproducible Dataset (Seed 42)
ADM-001266,PAT-SYN-51651,2025-01-06 11:47:00,2025-01-08 12:47:00,Cardiology,Elective,,5.0,2.08,BED-CARD-GEN-25,General Ward,Morning,16,74,True,Synthetic Reproducible Dataset (Seed 42)
ADM-001267,PAT-SYN-64527,2025-01-06 16:21:00,2025-01-10 23:21:00,Cardiology,Emergency,3.0,43.1,4.31,BED-CARD-EME-22,Emergency,Afternoon,12,58,True,Synthetic Reproducible Dataset (Seed 42)
ADM-001268,PAT-SYN-58040,2025-01-06 21:03:00,2025-01-09 16:03:00,Dermatology,Emergency,3.0,37.9,2.83,BED-DERM-EME-10,Emergency,Afternoon,10,7,True,Synthetic Reproducible Dataset (Seed 42)
ADM-001269,PAT-SYN-30926,2025-01-06 18:55:00,2025-01-08 02:55:00,Gynecology & Obstetrics,Emergency,3.0,65.2,1.34,BED-GYNE-EME-03,Emergency,Afternoon,13,70,True,Synthetic Reproducible Dataset (Seed 42)
ADM-001270,PAT-SYN-51575,2025-01-06 13:37:00,2025-01-13 11:37:00,Cardiology,Emergency,3.0,49.9,6.93,BED-CARD-EME-28,Emergency,Morning,17,30,True,Synthetic Reproducible Dataset (Seed 42)
ADM-001271,PAT-SYN-90750,2025-01-06 11:56:00,2025-01-09 15:56:00,General Medicine,Emergency,4.0,90.7,3.17,BED-GENE-EME-05,Emergency,Morning,17,44,True,Synthetic Reproducible Dataset (Seed 42)
ADM-001272,PAT-SYN-67077,2025-01-06 19:39:00,2025-01-09 06:39:00,Pediatrics,Emergency,5.0,161.1,2.47,BED-PEDI-EME-26,Emergency,Afternoon,11,21,True,Synthetic Reproducible Dataset (Seed 42)
ADM-001273,PAT-SYN-57987,2025-01-06 22:39:00,2025-01-15 23:39:00,Cardiology,Urgent,,51.7,9.05,BED-CARD-GEN-03,General Ward,Afternoon,14,48,True,Synthetic Reproducible Dataset (Seed 42)
ADM-001274,PAT-SYN-62505,2025-01-06 12:27:00,2025-01-09 00:27:00,Cardiology,Elective,,15.6,2.52,BED-CARD-GEN-18,General Ward,Morning,15,21,True,Synthetic Reproducible Dataset (Seed 42)
ADM-001275,PAT-SYN-28946,2025-01-06 15:02:00,2025-01-12 23:02:00,Cardiology,Elective,,56.3,6.37,BED-CARD-GEN-13,General Ward,Afternoon,12,42,True,Synthetic Reproducible Dataset (Seed 42)
ADM-001276,PAT-SYN-50428,2025-01-06 11:21:00,2025-01-08 16:21:00,Pediatrics,Urgent,,7.2,2.24,BED-PEDI-GEN-17,General Ward,Morning,16,11,True,Synthetic Reproducible Dataset (Seed 42)
ADM-001277,PAT-SYN-91379,2025-01-06 07:56:00,2025-01-13 18:56:00,Cardiology,Emergency,4.0,65.1,7.47,BED-CARD-EME-14,Emergency,Morning,12,87,True,Synthetic Reproducible Dataset (Seed 42)
ADM-001278,PAT-SYN-93001,2025-01-06 17:06:00,2025-01-10 05:06:00,Orthopedics,Elective,,5.0,3.53,BED-ORTH-GEN-29,General Ward,Afternoon,11,47,True,Synthetic Reproducible Dataset (Seed 42)
ADM-001279,PAT-SYN-98025,2025-01-06 11:10:00,2025-01-09 04:10:00,Gastroenterology,Emergency,4.0,89.9,2.73,BED-GAST-EME-16,Emergency,Morning,13,73,True,Synthetic Reproducible Dataset (Seed 42)
ADM-001280,PAT-SYN-76934,2025-01-06 08:52:00,2025-01-09 20:52:00,Pediatrics,Elective,,72.1,3.54,BED-PEDI-GEN-14,General Ward,Morning,15,59,True,Synthetic Reproducible Dataset (Seed 42)
ADM-001281,PAT-SYN-47962,2025-01-06 01:05:00,2025-01-08 18:05:00,General Medicine,Elective,,15.2,2.72,BED-GENE-SUR-04,Surgical,Night,9,7,True,Synthetic Reproducible Dataset (Seed 42)
ADM-001282,PAT-SYN-26667,2025-01-06 20:50:00,2025-01-10 12:50:00,Gynecology & Obstetrics,Emergency,3.0,64.0,3.67,BED-GYNE-EME-05,Emergency,Afternoon,10,80,True,Synthetic Reproducible Dataset (Seed 42)
ADM-001283,PAT-SYN-67486,2025-01-06 18:38:00,2025-01-09 08:38:00,Orthopedics,Elective,,18.6,2.59,BED-ORTH-GEN-05,General Ward,Afternoon,14,37,True,Synthetic Reproducible Dataset (Seed 42)
ADM-001284,PAT-SYN-57752,2025-01-06 10:07:00,2025-01-18 09:07:00,Orthopedics,Emergency,3.0,62.0,11.98,BED-ORTH-EME-25,Emergency,Morning,15,44,True,Synthetic Reproducible Dataset (Seed 42)
ADM-001285,PAT-SYN-28675,2025-01-06 05:44:00,2025-01-07 23:44:00,Orthopedics,Elective,,35.6,1.78,BED-ORTH-GEN-06,General Ward,Night,7,21,True,Synthetic Reproducible Dataset (Seed 42)
ADM-001286,PAT-SYN-85123,2025-01-06 19:21:00,2025-01-10 20:21:00,Pediatrics,Urgent,,5.0,4.07,BED-PEDI-GEN-26,General Ward,Afternoon,12,13,True,Synthetic Reproducible Dataset (Seed 42)
ADM-001287,PAT-SYN-18249,2025-01-06 07:58:00,2025-01-08 17:58:00,General Medicine,Emergency,2.0,26.2,2.44,BED-GENE-ICU-24,ICU,Morning,12,69,True,Synthetic Reproducible Dataset (Seed 42)
ADM-001288,PAT-SYN-62671,2025-01-06 11:23:00,2025-01-12 12:23:00,Gynecology & Obstetrics,Emergency,4.0,101.3,6.06,BED-GYNE-EME-24,Emergency,Morning,14,90,True,Synthetic Reproducible Dataset (Seed 42)
ADM-001289,PAT-SYN-93398,2025-01-06 09:48:00,2025-01-10 00:48:00,Cardiology,Elective,,23.6,3.64,BED-CARD-GEN-27,General Ward,Morning,12,56,True,Synthetic Reproducible Dataset (Seed 42)
ADM-001290,PAT-SYN-79793,2025-01-06 00:58:00,2025-01-11 08:58:00,Neurology,Elective,,5.0,5.34,BED-NEUR-GEN-16,General Ward,Night,9,63,True,Synthetic Reproducible Dataset (Seed 42)
ADM-001291,PAT-SYN-85492,2025-01-06 13:22:00,2025-01-12 14:22:00,Gastroenterology,Elective,,43.7,6.08,BED-GAST-GEN-06,General Ward,Morning,15,72,True,Synthetic Reproducible Dataset (Seed 42)
ADM-001292,PAT-SYN-82670,2025-01-06 08:46:00,2025-01-11 02:46:00,Dermatology,Urgent,,12.1,4.78,BED-DERM-GEN-12,General Ward,Morning,13,72,True,Synthetic Reproducible Dataset (Seed 42)
ADM-001293,PAT-SYN-16278,2025-01-06 18:36:00,2025-01-08 20:36:00,Cardiology,Urgent,,21.9,2.12,BED-CARD-GEN-12,General Ward,Afternoon,14,81,True,Synthetic Reproducible Dataset (Seed 42)
ADM-001294,PAT-SYN-44332,2025-01-06 12:18:00,2025-01-10 07:18:00,General Medicine,Urgent,,20.4,3.8,BED-GENE-GEN-24,General Ward,Morning,13,89,True,Synthetic Reproducible Dataset (Seed 42)
ADM-001295,PAT-SYN-68995,2025-01-06 09:10:00,2025-01-10 11:10:00,Cardiology,Elective,,20.9,4.1,BED-CARD-GEN-15,General Ward,Morning,14,11,True,Synthetic Reproducible Dataset (Seed 42)
ADM-001296,PAT-SYN-56066,2025-01-06 17:39:00,2025-01-15 13:39:00,Neurology,Elective,,47.3,8.87,BED-NEUR-GEN-03,General Ward,Afternoon,10,31,True,Synthetic Reproducible Dataset (Seed 42)
ADM-001297,PAT-SYN-16888,2025-01-06 17:54:00,2025-01-15 08:54:00,Orthopedics,Elective,,22.8,8.65,BED-ORTH-GEN-08,General Ward,Afternoon,12,7,True,Synthetic Reproducible Dataset (Seed 42)
ADM-001298,PAT-SYN-70692,2025-01-07 21:08:00,2025-01-18 21:08:00,Cardiology,Emergency,3.0,39.2,11.0,BED-CARD-EME-19,Emergency,Afternoon,10,62,True,Synthetic Reproducible Dataset (Seed 42)
ADM-001299,PAT-SYN-84212,2025-01-07 09:09:00,2025-01-11 17:09:00,Gastroenterology,Elective,,8.2,4.35,BED-GAST-GEN-10,General Ward,Morning,12,69,True,Synthetic Reproducible Dataset (Seed 42)
ADM-001300,PAT-SYN-24713,2025-01-07 11:51:00,2025-01-11 07:51:00,Cardiology,Urgent,,5.0,3.85,BED-CARD-GEN-01,General Ward,Morning,16,69,True,Synthetic Reproducible Dataset (Seed 42)
ADM-001301,PAT-SYN-83936,2025-01-07 06:05:00,2025-01-10 11:05:00,Ophthalmology,Urgent,,5.0,3.22,BED-OPHT-GEN-23,General Ward,Night,8,69,True,Synthetic Reproducible Dataset (Seed 42)
ADM-001302,PAT-SYN-16310,2025-01-07 07:02:00,2025-01-11 07:02:00,Neurology,Elective,,46.3,4.0,BED-NEUR-GEN-09,General Ward,Morning,13,59,True,Synthetic Reproducible Dataset (Seed 42)
ADM-001303,PAT-SYN-39586,2025-01-07 10:19:00,2025-01-14 21:19:00,Psychiatry,Emergency,3.0,72.3,7.49,BED-PSYC-EME-09,Emergency,Morning,14,77,True,Synthetic Reproducible Dataset (Seed 42)
ADM-001304,PAT-SYN-11432,2025-01-07 10:37:00,2025-01-16 23:37:00,Neurology,Elective,,5.0,9.57,BED-NEUR-GEN-18,General Ward,Morning,16,27,True,Synthetic Reproducible Dataset (Seed 42)
ADM-001305,PAT-SYN-60595,2025-01-07 16:20:00,2025-01-10 06:20:00,General Medicine,Elective,,20.7,2.62,BED-GENE-GEN-13,General Ward,Afternoon,11,70,True,Synthetic Reproducible Dataset (Seed 42)
ADM-001306,PAT-SYN-49764,2025-01-07 10:33:00,2025-01-12 10:33:00,General Medicine,Emergency,4.0,85.5,5.03,BED-GENE-EME-25,Emergency,Morning,14,69,True,Synthetic Reproducible Dataset (Seed 42)
ADM-001307,PAT-SYN-13895,2025-01-07 12:27:00,2025-01-10 06:27:00,Pediatrics,Emergency,3.0,71.7,2.78,BED-PEDI-EME-22,Emergency,Morning,13,75,True,Synthetic Reproducible Dataset (Seed 42)
ADM-001308,PAT-SYN-35957,2025-01-07 22:47:00,2025-01-14 04:47:00,Gynecology & Obstetrics,Emergency,4.0,78.5,6.26,BED-GYNE-EME-10,Emergency,Afternoon,13,8,True,Synthetic Reproducible Dataset (Seed 42)
ADM-001309,PAT-SYN-29773,2025-01-07 06:41:00,2025-01-16 00:41:00,Neurology,Emergency,4.0,62.3,8.79,BED-NEUR-EME-02,Emergency,Night,9,82,True,Synthetic Reproducible Dataset (Seed 42)
ADM-001310,PAT-SYN-58499,2025-01-07 07:10:00,2025-01-12 16:10:00,Cardiology,Elective,,11.8,5.38,BED-CARD-GEN-02,General Ward,Morning,13,14,True,Synthetic Reproducible Dataset (Seed 42)
ADM-001311,PAT-SYN-68987,2025-01-07 02:31:00,2025-01-11 00:31:00,Orthopedics,Elective,,13.7,3.92,BED-ORTH-GEN-01,General Ward,Night,9,65,True,Synthetic Reproducible Dataset (Seed 42)
ADM-001312,PAT-SYN-23641,2025-01-07 11:20:00,2025-01-09 22:20:00,Cardiology,Elective,,64.9,2.46,BED-CARD-GEN-28,General Ward,Morning,16,72,True,Synthetic Reproducible Dataset (Seed 42)
ADM-001313,PAT-SYN-18122,2025-01-07 16:05:00,2025-01-11 05:05:00,Pediatrics,Emergency,4.0,55.6,3.56,BED-PEDI-EME-07,Emergency,Afternoon,14,40,True,Synthetic Reproducible Dataset (Seed 42)
ADM-001314,PAT-SYN-11219,2025-01-07 15:07:00,2025-01-09 08:07:00,Cardiology,Elective,,7.5,1.74,BED-CARD-GEN-19,General Ward,Afternoon,13,36,True,Synthetic Reproducible Dataset (Seed 42)
ADM-001315,PAT-SYN-97035,2025-01-07 10:42:00,2025-01-11 17:42:00,Gastroenterology,Urgent,,5.0,4.33,BED-GAST-GEN-25,General Ward,Morning,16,22,True,Synthetic Reproducible Dataset (Seed 42)
ADM-001316,PAT-SYN-12150,2025-01-07 19:24:00,2025-01-10 14:24:00,ENT,Emergency,4.0,110.3,2.81,BED-ENT-EME-01,Emergency,Afternoon,13,28,True,Synthetic Reproducible Dataset (Seed 42)
ADM-001317,PAT-SYN-97699,2025-01-07 18:18:00,2025-01-13 09:18:00,Orthopedics,Emergency,2.0,29.1,5.63,BED-ORTH-EME-08,Emergency,Afternoon,14,78,True,Synthetic Reproducible Dataset (Seed 42)
ADM-001318,PAT-SYN-11549,2025-01-07 09:45:00,2025-01-18 11:45:00,Cardiology,Elective,,16.1,11.12,BED-CARD-GEN-14,General Ward,Morning,16,61,True,Synthetic Reproducible Dataset (Seed 42)
ADM-001319,PAT-SYN-89294,2025-01-07 17:56:00,2025-01-15 17:56:00,Gynecology & Obstetrics,Emergency,4.0,101.1,8.02,BED-GYNE-EME-29,Emergency,Afternoon,13,72,True,Synthetic Reproducible Dataset (Seed 42)
ADM-001320,PAT-SYN-70565,2025-01-07 09:04:00,2025-01-15 10:04:00,Neurology,Emergency,3.0,57.4,8.05,BED-NEUR-EME-01,Emergency,Morning,13,33,True,Synthetic Reproducible Dataset (Seed 42)
ADM-001321,PAT-SYN-78269,2025-01-07 06:46:00,2025-01-11 16:46:00,ENT,Emergency,2.0,22.2,4.45,BED-ENT-EME-02,Emergency,Night,6,38,True,Synthetic Reproducible Dataset (Seed 42)
ADM-001322,PAT-SYN-35686,2025-01-07 19:43:00,2025-01-10 13:43:00,Orthopedics,Elective,,5.0,2.76,BED-ORTH-SUR-20,Surgical,Afternoon,11,27,True,Synthetic Reproducible Dataset (Seed 42)
ADM-001323,PAT-SYN-58537,2025-01-07 11:48:00,2025-01-12 15:48:00,Pediatrics,Emergency,4.0,101.9,5.18,BED-PEDI-EME-15,Emergency,Morning,13,66,True,Synthetic Reproducible Dataset (Seed 42)
ADM-001324,PAT-SYN-35809,2025-01-07 17:40:00,2025-01-13 01:40:00,Gastroenterology,Emergency,2.0,25.9,5.34,BED-GAST-EME-06,Emergency,Afternoon,12,75,True,Synthetic Reproducible Dataset (Seed 42)
ADM-001325,PAT-SYN-28781,2025-01-07 14:47:00,2025-01-10 09:47:00,Neurology,Emergency,4.0,68.3,2.81,BED-NEUR-EME-27,Emergency,Morning,13,35,True,Synthetic Reproducible Dataset (Seed 42)
ADM-001326,PAT-SYN-65645,2025-01-07 10:55:00,2025-01-13 10:55:00,Pediatrics,Emergency,3.0,69.8,6.04,BED-PEDI-EME-04,Emergency,Morning,12,85,True,Synthetic Reproducible Dataset (Seed 42)
ADM-001327,PAT-SYN-75794,2025-01-07 19:12:00,2025-01-13 18:12:00,Pediatrics,Emergency,3.0,60.0,5.96,BED-PEDI-EME-03,Emergency,Afternoon,10,70,True,Synthetic Reproducible Dataset (Seed 42)
ADM-001328,PAT-SYN-23790,2025-01-07 18:09:00,2025-01-11 02:09:00,Orthopedics,Urgent,,51.6,3.37,BED-ORTH-GEN-05,General Ward,Afternoon,13,22,True,Synthetic Reproducible Dataset (Seed 42)
ADM-001329,PAT-SYN-32383,2025-01-07 00:15:00,2025-01-17 20:15:00,Neurology,Emergency,3.0,42.8,10.87,BED-NEUR-EME-25,Emergency,Night,6,91,True,Synthetic Reproducible Dataset (Seed 42)
ADM-001330,PAT-SYN-80373,2025-01-07 09:39:00,2025-01-11 17:39:00,Cardiology,Urgent,,20.0,4.35,BED-CARD-GEN-08,General Ward,Morning,17,76,True,Synthetic Reproducible Dataset (Seed 42)
ADM-001331,PAT-SYN-45577,2025-01-07 09:43:00,2025-01-09 06:43:00,Gastroenterology,Urgent,,13.2,1.91,BED-GAST-GEN-12,General Ward,Morning,12,39,True,Synthetic Reproducible Dataset (Seed 42)
ADM-001332,PAT-SYN-19181,2025-01-07 16:56:00,2025-01-12 12:56:00,Pediatrics,Urgent,,19.1,4.87,BED-PEDI-GEN-28,General Ward,Afternoon,12,63,True,Synthetic Reproducible Dataset (Seed 42)
ADM-001333,PAT-SYN-38623,2025-01-07 07:16:00,2025-01-09 23:16:00,Neurology,Emergency,2.0,10.8,2.7,BED-NEUR-ICU-09,ICU,Morning,13,30,True,Synthetic Reproducible Dataset (Seed 42)
ADM-001334,PAT-SYN-16605,2025-01-07 18:38:00,2025-01-12 04:38:00,General Medicine,Emergency,4.0,112.9,4.45,BED-GENE-EME-29,Emergency,Afternoon,10,70,True,Synthetic Reproducible Dataset (Seed 42)
ADM-001335,PAT-SYN-65502,2025-01-07 07:33:00,2025-01-09 07:33:00,General Medicine,Emergency,2.0,13.4,2.0,BED-GENE-ICU-17,ICU,Morning,14,36,True,Synthetic Reproducible Dataset (Seed 42)
ADM-001336,PAT-SYN-83248,2025-01-07 06:11:00,2025-01-12 07:11:00,Orthopedics,Urgent,,5.0,5.07,BED-ORTH-GEN-15,General Ward,Night,9,75,True,Synthetic Reproducible Dataset (Seed 42)
ADM-001337,PAT-SYN-99664,2025-01-07 08:14:00,2025-01-12 14:14:00,Cardiology,Urgent,,39.8,5.27,BED-CARD-GEN-19,General Ward,Morning,12,7,True,Synthetic Reproducible Dataset (Seed 42)
ADM-001338,PAT-SYN-31430,2025-01-07 06:26:00,2025-01-08 07:26:00,Ophthalmology,Emergency,3.0,23.1,1.08,BED-OPHT-EME-20,Emergency,Night,6,69,True,Synthetic Reproducible Dataset (Seed 42)
ADM-001339,PAT-SYN-33102,2025-01-07 08:57:00,2025-01-12 05:57:00,General Medicine,Urgent,,23.5,4.88,BED-GENE-GEN-05,General Ward,Morning,16,5,True,Synthetic Reproducible Dataset (Seed 42)
ADM-001340,PAT-SYN-39110,2025-01-07 16:56:00,2025-01-10 00:56:00,ENT,Emergency,5.0,93.3,2.35,BED-ENT-EME-19,Emergency,Afternoon,10,81,True,Synthetic Reproducible Dataset (Seed 42)
ADM-001341,PAT-SYN-19455,2025-01-07 06:38:00,2025-01-09 02:38:00,Gastroenterology,Urgent,,23.0,1.85,BED-GAST-GEN-16,General Ward,Night,7,68,True,Synthetic Reproducible Dataset (Seed 42)
ADM-001342,PAT-SYN-70541,2025-01-07 09:20:00,2025-01-11 14:20:00,General Medicine,Emergency,3.0,67.9,4.22,BED-GENE-EME-24,Emergency,Morning,14,38,True,Synthetic Reproducible Dataset (Seed 42)
ADM-001343,PAT-SYN-44238,2025-01-07 15:41:00,2025-01-09 16:41:00,Ophthalmology,Elective,,22.5,2.05,BED-OPHT-GEN-07,General Ward,Afternoon,12,84,True,Synthetic Reproducible Dataset (Seed 42)
ADM-001344,PAT-SYN-70988,2025-01-07 01:04:00,2025-01-09 22:04:00,Ophthalmology,Emergency,3.0,41.2,2.89,BED-OPHT-EME-13,Emergency,Night,9,71,True,Synthetic Reproducible Dataset (Seed 42)
ADM-001345,PAT-SYN-40478,2025-01-07 09:14:00,2025-01-17 06:14:00,Pediatrics,Elective,,5.0,9.91,BED-PEDI-GEN-09,General Ward,Morning,12,32,True,Synthetic Reproducible Dataset (Seed 42)
ADM-001346,PAT-SYN-63929,2025-01-08 18:59:00,2025-01-10 07:59:00,Psychiatry,Emergency,3.0,63.9,1.58,BED-PSYC-EME-26,Emergency,Afternoon,11,68,True,Synthetic Reproducible Dataset (Seed 42)
ADM-001347,PAT-SYN-29165,2025-01-08 15:36:00,2025-01-16 07:36:00,Cardiology,Elective,,18.1,7.69,BED-CARD-GEN-02,General Ward,Afternoon,10,41,True,Synthetic Reproducible Dataset (Seed 42)
ADM-001348,PAT-SYN-71052,2025-01-08 09:51:00,2025-01-11 11:51:00,Pediatrics,Urgent,,23.0,3.09,BED-PEDI-GEN-11,General Ward,Morning,17,27,True,Synthetic Reproducible Dataset (Seed 42)
ADM-001349,PAT-SYN-80631,2025-01-08 00:49:00,2025-01-10 22:49:00,ENT,Emergency,5.0,96.9,2.92,BED-ENT-EME-11,Emergency,Night,6,73,True,Synthetic Reproducible Dataset (Seed 42)
ADM-001350,PAT-SYN-62557,2025-01-08 11:58:00,2025-01-10 04:58:00,General Medicine,Urgent,,63.9,1.72,BED-GENE-SUR-06,Surgical,Morning,13,7,True,Synthetic Reproducible Dataset (Seed 42)
ADM-001351,PAT-SYN-78267,2025-01-08 17:22:00,2025-01-14 16:22:00,Gastroenterology,Elective,,33.7,5.98,BED-GAST-GEN-26,General Ward,Afternoon,11,79,True,Synthetic Reproducible Dataset (Seed 42)
ADM-001352,PAT-SYN-92985,2025-01-08 10:43:00,2025-01-12 02:43:00,Gynecology & Obstetrics,Urgent,,5.0,3.69,BED-GYNE-GEN-17,General Ward,Morning,12,90,True,Synthetic Reproducible Dataset (Seed 42)
ADM-001353,PAT-SYN-89703,2025-01-08 12:17:00,2025-01-09 11:17:00,Dermatology,Elective,,5.0,0.97,BED-DERM-GEN-18,General Ward,Morning,12,26,True,Synthetic Reproducible Dataset (Seed 42)
ADM-001354,PAT-SYN-66249,2025-01-08 13:59:00,2025-01-12 06:59:00,Pediatrics,Emergency,3.0,45.7,3.73,BED-PEDI-EME-20,Emergency,Morning,12,13,True,Synthetic Reproducible Dataset (Seed 42)
ADM-001355,PAT-SYN-15160,2025-01-08 20:39:00,2025-01-12 05:39:00,Pediatrics,Elective,,126.7,3.39,BED-PEDI-GEN-12,General Ward,Afternoon,10,76,True,Synthetic Reproducible Dataset (Seed 42)
ADM-001356,PAT-SYN-29861,2025-01-08 15:06:00,2025-01-17 05:06:00,Cardiology,Elective,,57.2,8.62,BED-CARD-GEN-16,General Ward,Afternoon,10,78,True,Synthetic Reproducible Dataset (Seed 42)
ADM-001357,PAT-SYN-62140,2025-01-08 17:42:00,2025-01-13 15:42:00,Gynecology & Obstetrics,Elective,,21.2,4.94,BED-GYNE-GEN-09,General Ward,Afternoon,13,42,True,Synthetic Reproducible Dataset (Seed 42)
ADM-001358,PAT-SYN-20170,2025-01-08 12:56:00,2025-01-12 09:56:00,Orthopedics,Urgent,,15.1,3.88,BED-ORTH-GEN-20,General Ward,Morning,14,74,True,Synthetic Reproducible Dataset (Seed 42)
ADM-001359,PAT-SYN-37638,2025-01-08 14:58:00,2025-01-10 20:58:00,ENT,Emergency,3.0,50.3,2.27,BED-ENT-EME-17,Emergency,Morning,13,81,True,Synthetic Reproducible Dataset (Seed 42)
ADM-001360,PAT-SYN-72848,2025-01-08 16:02:00,2025-01-10 01:02:00,Ophthalmology,Urgent,,10.3,1.41,BED-OPHT-GEN-14,General Ward,Afternoon,10,40,True,Synthetic Reproducible Dataset (Seed 42)
ADM-001361,PAT-SYN-95590,2025-01-08 17:01:00,2025-01-13 11:01:00,Gastroenterology,Elective,,63.3,4.76,BED-GAST-GEN-19,General Ward,Afternoon,10,73,True,Synthetic Reproducible Dataset (Seed 42)
ADM-001362,PAT-SYN-17696,2025-01-08 09:19:00,2025-01-10 04:19:00,Cardiology,Urgent,,9.3,1.83,BED-CARD-GEN-10,General Ward,Morning,16,33,True,Synthetic Reproducible Dataset (Seed 42)
ADM-001363,PAT-SYN-12317,2025-01-08 10:56:00,2025-01-11 00:56:00,Orthopedics,Urgent,,5.0,2.59,BED-ORTH-GEN-07,General Ward,Morning,13,68,True,Synthetic Reproducible Dataset (Seed 42)
ADM-001364,PAT-SYN-12424,2025-01-08 12:23:00,2025-01-11 08:23:00,Ophthalmology,Elective,,5.0,2.86,BED-OPHT-GEN-21,General Ward,Morning,13,62,True,Synthetic Reproducible Dataset (Seed 42)
ADM-001365,PAT-SYN-67506,2025-01-08 14:20:00,2025-01-14 01:20:00,Cardiology,Elective,,10.0,5.49,BED-CARD-GEN-25,General Ward,Morning,14,16,True,Synthetic Reproducible Dataset (Seed 42)
ADM-001366,PAT-SYN-20803,2025-01-08 17:55:00,2025-01-12 11:55:00,Gynecology & Obstetrics,Elective,,6.5,3.79,BED-GYNE-GEN-06,General Ward,Afternoon,13,20,True,Synthetic Reproducible Dataset (Seed 42)
ADM-001367,PAT-SYN-25333,2025-01-08 19:31:00,2025-01-14 09:31:00,Cardiology,Elective,,9.8,5.59,BED-CARD-GEN-02,General Ward,Afternoon,13,43,True,Synthetic Reproducible Dataset (Seed 42)
ADM-001368,PAT-SYN-72292,2025-01-08 03:17:00,2025-01-10 12:17:00,Cardiology,Emergency,3.0,36.8,2.41,BED-CARD-EME-19,Emergency,Night,8,70,True,Synthetic Reproducible Dataset (Seed 42)
ADM-001369,PAT-SYN-96651,2025-01-08 11:40:00,2025-01-12 17:40:00,Gynecology & Obstetrics,Urgent,,5.0,4.28,BED-GYNE-GEN-25,General Ward,Morning,12,36,True,Synthetic Reproducible Dataset (Seed 42)
ADM-001370,PAT-SYN-95327,2025-01-08 19:42:00,2025-01-13 04:42:00,Cardiology,Emergency,5.0,153.3,4.41,BED-CARD-EME-20,Emergency,Afternoon,12,78,True,Synthetic Reproducible Dataset (Seed 42)
ADM-001371,PAT-SYN-90190,2025-01-08 08:14:00,2025-01-10 04:14:00,General Medicine,Emergency,2.0,8.9,1.85,BED-GENE-ICU-10,ICU,Morning,14,39,True,Synthetic Reproducible Dataset (Seed 42)
ADM-001372,PAT-SYN-59532,2025-01-08 11:15:00,2025-01-13 05:15:00,Orthopedics,Elective,,5.0,4.77,BED-ORTH-GEN-12,General Ward,Morning,15,53,True,Synthetic Reproducible Dataset (Seed 42)
ADM-001373,PAT-SYN-72526,2025-01-08 13:06:00,2025-01-12 14:06:00,Neurology,Emergency,5.0,103.1,4.06,BED-NEUR-EME-27,Emergency,Morning,15,16,True,Synthetic Reproducible Dataset (Seed 42)
ADM-001374,PAT-SYN-46201,2025-01-09 11:19:00,2025-01-13 07:19:00,General Medicine,Elective,,9.5,3.87,BED-GENE-SUR-13,Surgical,Morning,16,83,True,Synthetic Reproducible Dataset (Seed 42)
ADM-001375,PAT-SYN-53498,2025-01-09 08:47:00,2025-01-16 05:47:00,Cardiology,Urgent,,24.3,6.9,BED-CARD-GEN-26,General Ward,Morning,15,58,True,Synthetic Reproducible Dataset (Seed 42)
ADM-001376,PAT-SYN-76044,2025-01-09 09:37:00,2025-01-13 14:37:00,Cardiology,Emergency,4.0,107.7,4.24,BED-CARD-EME-29,Emergency,Morning,17,70,True,Synthetic Reproducible Dataset (Seed 42)
ADM-001377,PAT-SYN-62518,2025-01-09 07:43:00,2025-01-11 15:43:00,ENT,Emergency,3.0,40.6,2.35,BED-ENT-EME-19,Emergency,Morning,17,20,True,Synthetic Reproducible Dataset (Seed 42)
ADM-001378,PAT-SYN-61067,2025-01-09 01:50:00,2025-01-10 15:50:00,Ophthalmology,Emergency,4.0,64.4,1.61,BED-OPHT-EME-21,Emergency,Night,8,11,True,Synthetic Reproducible Dataset (Seed 42)
ADM-001379,PAT-SYN-88720,2025-01-09 12:59:00,2025-01-12 18:59:00,Gynecology & Obstetrics,Emergency,1.0,2.0,3.25,BED-GYNE-EME-17,Emergency,Morning,14,30,True,Synthetic Reproducible Dataset (Seed 42)
ADM-001380,PAT-SYN-45662,2025-01-09 09:05:00,2025-01-11 11:05:00,Pediatrics,Elective,,21.6,2.1,BED-PEDI-GEN-06,General Ward,Morning,12,61,True,Synthetic Reproducible Dataset (Seed 42)
ADM-001381,PAT-SYN-52160,2025-01-09 17:57:00,2025-01-14 18:57:00,Orthopedics,Emergency,2.0,15.0,5.05,BED-ORTH-EME-22,Emergency,Afternoon,14,6,True,Synthetic Reproducible Dataset (Seed 42)
ADM-001382,PAT-SYN-92083,2025-01-09 10:13:00,2025-01-13 23:13:00,General Medicine,Emergency,3.0,53.5,4.58,BED-GENE-EME-25,Emergency,Morning,17,71,True,Synthetic Reproducible Dataset (Seed 42)
ADM-001383,PAT-SYN-66184,2025-01-09 11:42:00,2025-01-14 11:42:00,Cardiology,Emergency,3.0,63.2,5.04,BED-CARD-EME-07,Emergency,Morning,16,41,True,Synthetic Reproducible Dataset (Seed 42)
ADM-001384,PAT-SYN-58576,2025-01-09 20:57:00,2025-01-15 20:57:00,Gastroenterology,Urgent,,5.0,6.03,BED-GAST-GEN-06,General Ward,Afternoon,13,13,True,Synthetic Reproducible Dataset (Seed 42)
ADM-001385,PAT-SYN-24171,2025-01-09 15:48:00,2025-01-14 10:48:00,Cardiology,Emergency,4.0,85.0,4.82,BED-CARD-EME-22,Emergency,Afternoon,13,40,True,Synthetic Reproducible Dataset (Seed 42)
ADM-001386,PAT-SYN-49322,2025-01-09 11:02:00,2025-01-18 21:02:00,General Medicine,Emergency,3.0,56.1,9.44,BED-GENE-EME-07,Emergency,Morning,15,58,True,Synthetic Reproducible Dataset (Seed 42)
ADM-001387,PAT-SYN-73226,2025-01-09 16:48:00,2025-01-18 04:48:00,Gastroenterology,Emergency,2.0,24.1,8.5,BED-GAST-EME-18,Emergency,Afternoon,12,37,True,Synthetic Reproducible Dataset (Seed 42)
ADM-001388,PAT-SYN-12619,2025-01-09 11:37:00,2025-01-14 14:37:00,Cardiology,Elective,,5.0,5.16,BED-CARD-GEN-13,General Ward,Morning,15,85,True,Synthetic Reproducible Dataset (Seed 42)
ADM-001389,PAT-SYN-32182,2025-01-09 13:11:00,2025-01-13 04:11:00,General Medicine,Elective,,45.9,3.66,BED-GENE-GEN-03,General Ward,Morning,17,76,True,Synthetic Reproducible Dataset (Seed 42)
ADM-001390,PAT-SYN-42926,2025-01-09 20:26:00,2025-01-10 23:26:00,General Medicine,Emergency,3.0,54.3,1.14,BED-GENE-EME-18,Emergency,Afternoon,14,63,True,Synthetic Reproducible Dataset (Seed 42)
ADM-001391,PAT-SYN-37692,2025-01-09 14:02:00,2025-01-17 04:02:00,Neurology,Emergency,3.0,41.3,7.62,BED-NEUR-EME-18,Emergency,Morning,16,87,True,Synthetic Reproducible Dataset (Seed 42)
ADM-001392,PAT-SYN-44901,2025-01-09 13:46:00,2025-01-11 03:46:00,Dermatology,Elective,,100.4,1.6,BED-DERM-GEN-08,General Ward,Morning,15,7,True,Synthetic Reproducible Dataset (Seed 42)
ADM-001393,PAT-SYN-16220,2025-01-09 06:33:00,2025-01-13 11:33:00,Pediatrics,Elective,,5.7,4.24,BED-PEDI-GEN-20,General Ward,Night,9,16,True,Synthetic Reproducible Dataset (Seed 42)
ADM-001394,PAT-SYN-21993,2025-01-09 15:13:00,2025-01-14 19:13:00,Neurology,Elective,,5.0,5.19,BED-NEUR-GEN-18,General Ward,Afternoon,10,53,True,Synthetic Reproducible Dataset (Seed 42)
ADM-001395,PAT-SYN-38896,2025-01-09 19:06:00,2025-01-13 15:06:00,Orthopedics,Emergency,5.0,141.1,3.86,BED-ORTH-EME-18,Emergency,Afternoon,12,63,True,Synthetic Reproducible Dataset (Seed 42)
ADM-001396,PAT-SYN-29733,2025-01-09 10:37:00,2025-01-11 16:37:00,Orthopedics,Urgent,,28.7,2.27,BED-ORTH-GEN-05,General Ward,Morning,16,28,True,Synthetic Reproducible Dataset (Seed 42)
ADM-001397,PAT-SYN-32239,2025-01-09 18:26:00,2025-01-11 17:26:00,Dermatology,Elective,,7.1,1.96,BED-DERM-GEN-28,General Ward,Afternoon,14,85,True,Synthetic Reproducible Dataset (Seed 42)
ADM-001398,PAT-SYN-57661,2025-01-09 20:28:00,2025-01-15 09:28:00,Gynecology & Obstetrics,Urgent,,68.9,5.56,BED-GYNE-GEN-11,General Ward,Afternoon,10,27,True,Synthetic Reproducible Dataset (Seed 42)
ADM-001399,PAT-SYN-82935,2025-01-09 17:14:00,2025-01-16 05:14:00,Pediatrics,Elective,,15.7,6.5,BED-PEDI-GEN-11,General Ward,Afternoon,14,33,True,Synthetic Reproducible Dataset (Seed 42)
ADM-001400,PAT-SYN-51967,2025-01-09 09:44:00,2025-01-14 00:44:00,General Medicine,Elective,,31.2,4.63,BED-GENE-GEN-22,General Ward,Morning,15,62,True,Synthetic Reproducible Dataset (Seed 42)
ADM-001401,PAT-SYN-48926,2025-01-09 17:10:00,2025-01-15 15:10:00,Gynecology & Obstetrics,Emergency,4.0,98.5,5.93,BED-GYNE-EME-28,Emergency,Afternoon,11,49,True,Synthetic Reproducible Dataset (Seed 42)
ADM-001402,PAT-SYN-22728,2025-01-09 11:57:00,2025-01-11 15:57:00,Dermatology,Elective,,5.0,2.18,BED-DERM-GEN-24,General Ward,Morning,16,44,True,Synthetic Reproducible Dataset (Seed 42)
ADM-001403,PAT-SYN-44886,2025-01-09 21:19:00,2025-01-11 23:19:00,General Medicine,Elective,,77.6,2.11,BED-GENE-GEN-23,General Ward,Afternoon,12,19,True,Synthetic Reproducible Dataset (Seed 42)
ADM-001404,PAT-SYN-18434,2025-01-09 18:40:00,2025-01-11 10:40:00,Cardiology,Elective,,11.7,1.68,BED-CARD-GEN-09,General Ward,Afternoon,13,46,True,Synthetic Reproducible Dataset (Seed 42)
ADM-001405,PAT-SYN-93755,2025-01-09 11:49:00,2025-01-12 10:49:00,Dermatology,Urgent,,46.7,2.99,BED-DERM-GEN-24,General Ward,Morning,16,7,True,Synthetic Reproducible Dataset (Seed 42)
ADM-001406,PAT-SYN-54360,2025-01-09 06:36:00,2025-01-10 16:36:00,Ophthalmology,Emergency,3.0,30.2,1.42,BED-OPHT-EME-12,Emergency,Night,6,78,True,Synthetic Reproducible Dataset (Seed 42)
ADM-001407,PAT-SYN-36997,2025-01-09 20:06:00,2025-01-16 11:06:00,General Medicine,Elective,,5.5,6.63,BED-GENE-GEN-16,General Ward,Afternoon,11,36,True,Synthetic Reproducible Dataset (Seed 42)
ADM-001408,PAT-SYN-41138,2025-01-09 21:03:00,2025-01-13 08:03:00,Cardiology,Emergency,3.0,46.9,3.46,BED-CARD-EME-05,Emergency,Afternoon,13,64,True,Synthetic Reproducible Dataset (Seed 42)
ADM-001409,PAT-SYN-25082,2025-01-09 08:50:00,2025-01-13 14:50:00,Orthopedics,Emergency,3.0,40.8,4.29,BED-ORTH-EME-01,Emergency,Morning,17,50,True,Synthetic Reproducible Dataset (Seed 42)
ADM-001410,PAT-SYN-92506,2025-01-09 10:19:00,2025-01-12 17:19:00,Cardiology,Emergency,4.0,107.8,3.33,BED-CARD-EME-29,Emergency,Morning,14,69,True,Synthetic Reproducible Dataset (Seed 42)
ADM-001411,PAT-SYN-72788,2025-01-09 18:26:00,2025-01-12 03:26:00,Gastroenterology,Elective,,5.0,2.38,BED-GAST-GEN-13,General Ward,Afternoon,10,58,True,Synthetic Reproducible Dataset (Seed 42)
ADM-001412,PAT-SYN-50806,2025-01-09 19:35:00,2025-01-10 20:35:00,Pediatrics,Emergency,4.0,99.0,1.08,BED-PEDI-EME-27,Emergency,Afternoon,11,29,True,Synthetic Reproducible Dataset (Seed 42)
ADM-001413,PAT-SYN-30392,2025-01-09 08:12:00,2025-01-10 11:12:00,Dermatology,Elective,,5.0,1.15,BED-DERM-GEN-14,General Ward,Morning,17,12,True,Synthetic Reproducible Dataset (Seed 42)
ADM-001414,PAT-SYN-53710,2025-01-09 08:19:00,2025-01-13 11:19:00,General Medicine,Emergency,2.0,15.5,4.16,BED-GENE-ICU-19,ICU,Morning,16,47,True,Synthetic Reproducible Dataset (Seed 42)
ADM-001415,PAT-SYN-75423,2025-01-10 13:49:00,2025-01-15 10:49:00,Orthopedics,Emergency,2.0,28.9,4.9,BED-ORTH-EME-06,Emergency,Morning,13,4,True,Synthetic Reproducible Dataset (Seed 42)
ADM-001416,PAT-SYN-26144,2025-01-10 23:43:00,2025-01-16 19:43:00,Orthopedics,Elective,,38.0,5.84,BED-ORTH-GEN-11,General Ward,Night,6,81,True,Synthetic Reproducible Dataset (Seed 42)
ADM-001417,PAT-SYN-65638,2025-01-10 11:50:00,2025-01-14 13:50:00,Gynecology & Obstetrics,Emergency,2.0,28.5,4.12,BED-GYNE-EME-08,Emergency,Morning,13,19,True,Synthetic Reproducible Dataset (Seed 42)
ADM-001418,PAT-SYN-82174,2025-01-10 08:45:00,2025-01-13 23:45:00,Ophthalmology,Emergency,3.0,50.8,3.66,BED-OPHT-EME-25,Emergency,Morning,17,46,True,Synthetic Reproducible Dataset (Seed 42)
ADM-001419,PAT-SYN-26275,2025-01-10 14:50:00,2025-01-18 16:50:00,Orthopedics,Emergency,4.0,82.0,8.1,BED-ORTH-EME-28,Emergency,Morning,13,23,True,Synthetic Reproducible Dataset (Seed 42)
ADM-001420,PAT-SYN-63944,2025-01-10 05:02:00,2025-01-12 12:02:00,ENT,Emergency,1.0,2.0,2.33,BED-ENT-EME-29,Emergency,Night,9,52,True,Synthetic Reproducible Dataset (Seed 42)
ADM-001421,PAT-SYN-67973,2025-01-10 17:57:00,2025-01-14 01:57:00,Gynecology & Obstetrics,Urgent,,10.3,3.36,BED-GYNE-GEN-27,General Ward,Afternoon,14,9,True,Synthetic Reproducible Dataset (Seed 42)
ADM-001422,PAT-SYN-52541,2025-01-10 12:39:00,2025-01-12 18:39:00,Dermatology,Emergency,4.0,83.3,2.25,BED-DERM-EME-06,Emergency,Morning,16,24,True,Synthetic Reproducible Dataset (Seed 42)
ADM-001423,PAT-SYN-87696,2025-01-10 20:50:00,2025-01-17 19:50:00,Orthopedics,Emergency,3.0,63.8,6.99,BED-ORTH-EME-06,Emergency,Afternoon,12,43,True,Synthetic Reproducible Dataset (Seed 42)
ADM-001424,PAT-SYN-95769,2025-01-10 15:59:00,2025-01-12 12:59:00,Ophthalmology,Emergency,1.0,10.0,1.9,BED-OPHT-EME-04,Emergency,Afternoon,11,24,True,Synthetic Reproducible Dataset (Seed 42)
ADM-001425,PAT-SYN-42029,2025-01-10 10:46:00,2025-01-14 13:46:00,Gastroenterology,Elective,,5.0,4.14,BED-GAST-GEN-06,General Ward,Morning,13,16,True,Synthetic Reproducible Dataset (Seed 42)
ADM-001426,PAT-SYN-20245,2025-01-10 12:21:00,2025-01-11 14:21:00,ENT,Emergency,3.0,65.1,1.12,BED-ENT-EME-04,Emergency,Morning,12,30,True,Synthetic Reproducible Dataset (Seed 42)
ADM-001427,PAT-SYN-67935,2025-01-10 09:53:00,2025-01-12 01:53:00,Gynecology & Obstetrics,Elective,,16.6,1.7,BED-GYNE-GEN-07,General Ward,Morning,13,1,True,Synthetic Reproducible Dataset (Seed 42)
ADM-001428,PAT-SYN-68934,2025-01-10 12:21:00,2025-01-12 19:21:00,Neurology,Urgent,,19.4,2.3,BED-NEUR-GEN-04,General Ward,Morning,15,66,True,Synthetic Reproducible Dataset (Seed 42)
ADM-001429,PAT-SYN-97685,2025-01-10 10:19:00,2025-01-13 06:19:00,General Medicine,Emergency,2.0,28.2,2.86,BED-GENE-ICU-09,ICU,Morning,17,38,True,Synthetic Reproducible Dataset (Seed 42)
ADM-001430,PAT-SYN-59087,2025-01-10 10:06:00,2025-01-12 07:06:00,Pediatrics,Emergency,4.0,106.0,1.89,BED-PEDI-EME-28,Emergency,Morning,13,28,True,Synthetic Reproducible Dataset (Seed 42)
ADM-001431,PAT-SYN-29910,2025-01-10 00:05:00,2025-01-11 11:05:00,General Medicine,Emergency,4.0,59.4,1.48,BED-GENE-EME-07,Emergency,Night,9,72,True,Synthetic Reproducible Dataset (Seed 42)
ADM-001432,PAT-SYN-50003,2025-01-10 11:12:00,2025-01-14 16:12:00,Cardiology,Elective,,43.3,4.21,BED-CARD-GEN-26,General Ward,Morning,16,66,True,Synthetic Reproducible Dataset (Seed 42)
ADM-001433,PAT-SYN-81929,2025-01-10 11:36:00,2025-01-16 15:36:00,Cardiology,Urgent,,18.2,6.2,BED-CARD-GEN-22,General Ward,Morning,16,73,True,Synthetic Reproducible Dataset (Seed 42)
ADM-001434,PAT-SYN-24896,2025-01-10 18:19:00,2025-01-12 13:19:00,General Medicine,Elective,,5.2,1.83,BED-GENE-GEN-01,General Ward,Afternoon,13,50,True,Synthetic Reproducible Dataset (Seed 42)
ADM-001435,PAT-SYN-49678,2025-01-10 18:30:00,2025-01-13 02:30:00,Gynecology & Obstetrics,Emergency,3.0,46.8,2.35,BED-GYNE-EME-24,Emergency,Afternoon,14,18,True,Synthetic Reproducible Dataset (Seed 42)
ADM-001436,PAT-SYN-66722,2025-01-10 09:16:00,2025-01-15 08:16:00,Pediatrics,Emergency,4.0,107.7,4.98,BED-PEDI-EME-25,Emergency,Morning,15,29,True,Synthetic Reproducible Dataset (Seed 42)
ADM-001437,PAT-SYN-62598,2025-01-10 08:16:00,2025-01-13 16:16:00,General Medicine,Emergency,4.0,57.6,3.35,BED-GENE-EME-13,Emergency,Morning,17,38,True,Synthetic Reproducible Dataset (Seed 42)
ADM-001438,PAT-SYN-52106,2025-01-10 09:23:00,2025-01-13 02:23:00,General Medicine,Emergency,1.0,8.0,2.73,BED-GENE-ICU-08,ICU,Morning,17,18,True,Synthetic Reproducible Dataset (Seed 42)
ADM-001439,PAT-SYN-94205,2025-01-10 18:04:00,2025-01-14 02:04:00,Pediatrics,Emergency,3.0,71.1,3.34,BED-PEDI-EME-18,Emergency,Afternoon,11,37,True,Synthetic Reproducible Dataset (Seed 42)
ADM-001440,PAT-SYN-74632,2025-01-10 08:31:00,2025-01-14 15:31:00,Pediatrics,Emergency,3.0,46.4,4.3,BED-PEDI-EME-06,Emergency,Morning,16,83,True,Synthetic Reproducible Dataset (Seed 42)
ADM-001441,PAT-SYN-30327,2025-01-10 05:21:00,2025-01-18 19:21:00,Cardiology,Elective,,5.3,8.6,BED-CARD-GEN-20,General Ward,Night,9,41,True,Synthetic Reproducible Dataset (Seed 42)
ADM-001442,PAT-SYN-75674,2025-01-10 15:03:00,2025-01-15 07:03:00,General Medicine,Elective,,41.8,4.69,BED-GENE-GEN-07,General Ward,Afternoon,13,69,True,Synthetic Reproducible Dataset (Seed 42)
ADM-001443,PAT-SYN-63221,2025-01-10 19:34:00,2025-01-12 19:34:00,Pediatrics,Elective,,9.5,2.04,BED-PEDI-GEN-29,General Ward,Afternoon,10,27,True,Synthetic Reproducible Dataset (Seed 42)
ADM-001444,PAT-SYN-72453,2025-01-10 11:01:00,2025-01-12 00:01:00,Psychiatry,Elective,,69.2,1.58,BED-PSYC-GEN-05,General Ward,Morning,17,22,True,Synthetic Reproducible Dataset (Seed 42)
ADM-001445,PAT-SYN-88516,2025-01-10 22:32:00,2025-01-13 02:32:00,ENT,Elective,,51.6,2.18,BED-ENT-GEN-17,General Ward,Afternoon,12,31,True,Synthetic Reproducible Dataset (Seed 42)
ADM-001446,PAT-SYN-27485,2025-01-10 16:55:00,2025-01-16 23:55:00,Orthopedics,Emergency,4.0,59.7,6.31,BED-ORTH-EME-21,Emergency,Afternoon,13,43,True,Synthetic Reproducible Dataset (Seed 42)
ADM-001447,PAT-SYN-18712,2025-01-10 07:43:00,2025-01-13 06:43:00,Neurology,Emergency,4.0,79.4,2.98,BED-NEUR-EME-17,Emergency,Morning,16,72,True,Synthetic Reproducible Dataset (Seed 42)
ADM-001448,PAT-SYN-43966,2025-01-10 23:02:00,2025-01-14 01:02:00,General Medicine,Elective,,5.0,3.12,BED-GENE-GEN-16,General Ward,Night,6,36,True,Synthetic Reproducible Dataset (Seed 42)
ADM-001449,PAT-SYN-52588,2025-01-10 17:05:00,2025-01-13 20:05:00,Cardiology,Urgent,,19.0,3.13,BED-CARD-GEN-09,General Ward,Afternoon,12,2,True,Synthetic Reproducible Dataset (Seed 42)
ADM-001450,PAT-SYN-27714,2025-01-10 09:46:00,2025-01-11 19:46:00,Gynecology & Obstetrics,Elective,,6.7,1.43,BED-GYNE-GEN-15,General Ward,Morning,12,43,True,Synthetic Reproducible Dataset (Seed 42)
ADM-001451,PAT-SYN-89847,2025-01-10 01:03:00,2025-01-10 18:03:00,Ophthalmology,Elective,,29.7,0.71,BED-OPHT-GEN-22,General Ward,Night,6,15,True,Synthetic Reproducible Dataset (Seed 42)
ADM-001452,PAT-SYN-51166,2025-01-10 18:57:00,2025-01-14 11:57:00,Dermatology,Emergency,4.0,111.6,3.71,BED-DERM-EME-13,Emergency,Afternoon,13,59,True,Synthetic Reproducible Dataset (Seed 42)
ADM-001453,PAT-SYN-31534,2025-01-10 09:06:00,2025-01-12 03:06:00,ENT,Elective,,5.0,1.79,BED-ENT-GEN-16,General Ward,Morning,14,37,True,Synthetic Reproducible Dataset (Seed 42)
ADM-001454,PAT-SYN-90453,2025-01-10 16:14:00,2025-01-12 23:14:00,Cardiology,Emergency,4.0,63.3,2.32,BED-CARD-EME-19,Emergency,Afternoon,12,55,True,Synthetic Reproducible Dataset (Seed 42)
ADM-001455,PAT-SYN-17643,2025-01-10 21:01:00,2025-01-12 11:01:00,Pediatrics,Emergency,5.0,86.4,1.62,BED-PEDI-EME-26,Emergency,Afternoon,11,18,True,Synthetic Reproducible Dataset (Seed 42)
ADM-001456,PAT-SYN-93003,2025-01-10 15:48:00,2025-01-12 11:48:00,Ophthalmology,Emergency,3.0,39.4,1.86,BED-OPHT-EME-20,Emergency,Afternoon,13,35,True,Synthetic Reproducible Dataset (Seed 42)
ADM-001457,PAT-SYN-56188,2025-01-10 18:21:00,2025-01-17 14:21:00,Psychiatry,Elective,,17.5,6.86,BED-PSYC-GEN-15,General Ward,Afternoon,12,24,True,Synthetic Reproducible Dataset (Seed 42)
ADM-001458,PAT-SYN-66298,2025-01-10 10:02:00,2025-01-13 08:02:00,Pediatrics,Emergency,5.0,150.7,2.95,BED-PEDI-EME-12,Emergency,Morning,16,74,True,Synthetic Reproducible Dataset (Seed 42)
ADM-001459,PAT-SYN-59192,2025-01-10 09:37:00,2025-01-13 13:37:00,Orthopedics,Elective,,22.5,3.19,BED-ORTH-GEN-08,General Ward,Morning,16,21,True,Synthetic Reproducible Dataset (Seed 42)
ADM-001460,PAT-SYN-68751,2025-01-10 04:57:00,2025-01-12 22:57:00,Psychiatry,Emergency,4.0,72.8,2.75,BED-PSYC-EME-16,Emergency,Night,6,29,True,Synthetic Reproducible Dataset (Seed 42)
ADM-001461,PAT-SYN-46047,2025-01-10 19:00:00,2025-01-19 03:00:00,Orthopedics,Elective,,36.9,8.34,BED-ORTH-GEN-02,General Ward,Afternoon,13,65,True,Synthetic Reproducible Dataset (Seed 42)
ADM-001462,PAT-SYN-81982,2025-01-10 10:42:00,2025-01-13 09:42:00,Pediatrics,Elective,,31.0,2.98,BED-PEDI-GEN-10,General Ward,Morning,13,68,True,Synthetic Reproducible Dataset (Seed 42)
ADM-001463,PAT-SYN-68233,2025-01-10 16:47:00,2025-01-15 03:47:00,General Medicine,Urgent,,5.0,4.47,BED-GENE-GEN-14,General Ward,Afternoon,11,31,True,Synthetic Reproducible Dataset (Seed 42)
